{"songId":"AquaticView","beatNoteIndexes":[0,1,0,2,1,0,1,0,1,0,1,2,0,1,0,1,0,2,1,0,1,0,1,0,1,2,0,1,0,1,0,2,1,0,1,0,1,0,1,2,0,1,0,1,0,2,1,0,1,0,1,0,1,2,0,1,0,1,0,2,1,0,1,0,1,0,1,2,0,1,0,1,0,2,1,0,1,0,1,0,1,2,0,1,0,1,0,1,0,2,1,0,1,0,1,0,1,2,0,1,0,1,0,2,1,0,1,0,1,0,1,2,0,1,0,1,0,2,2,1,2,2,0,2,2,1,0,2,1,0,1,2,0,1,0,1,0,1,0,2,1,0,1,0,1,2,2,0,2,2,1,2,2,0,1,2,0,1,0,2,1,0,1,0,1,0,1,2,0,1,0,1,0,1,0,1,0,2,2,1,0,1,0,1,0,1,2,2,0,1,0,1,0,2,1,0,1,0,1,0,1,2,0,1,0,1,0,2,1,0,1,0,1,0,1,2,0,1,0,1,0,1,0,2,1,0,1,0,1,0,1,2,0,1,0,1,0,2,1,0,1,0,1,0,1,2,0,1,0,1,0,1,0,2,1,0,1,0,1,0,1,2,0,1,0,1,0,2,1,0,1,0,1,0,1,2,0,1,0,1,0,2,1,0,1,0,1,0,1,2,0,1,0,1,0,2,1,0,1,0,1,0,1,2,0,1,0,2,2,1,2,2,0,2,2,1,0,2,1,0,1,2,0,1,0,1,0,1,0,2,1,0,1,0,1,2,2,0,2,2,1,2,2,0,1,2,0,1,0,2,1,0,1,0,1,0,1,2,0,1,0,1,0,2,2,1,2,2,0,2,2,1,0,2,1,0,1,2,0,1,0,1,0,1,0,2,1,0,1,0,1,2,2,0,2,2,1,2,2,0,1,2,0,1,0,2,1,0,1,0,1,0,1,2,0,1,0,1,0,1,0,2,1,0,1,0,1,0,1,2,0,1,0,1,0,2,1,0,1,0,1,0,1,2,0,1,0,1,0,2,1,0,1,0,1,0,1,2,0,1,0,1,0,1,0,2,2,1,0],"beatTimeStamps":[9.623957188799978,10.014674494042993,10.260068494826556,10.41211049631238,10.812843894585967,11.207737496122718,11.465619798749686,12.016195500269533,12.420716596767307,12.684161895886064,13.25355919636786,13.474073795601726,13.612844893708825,14.009723089635373,14.41710489615798,14.81538649648428,15.07926999591291,15.234577698633075,15.623072197660804,16.027955997735263,16.270474199205638,16.832831295207144,17.211652297526599,17.45783229917288,18.014132598415018,18.273663898929955,18.425063798204066,18.805709598585965,19.213854894042016,19.608790900558235,19.88915080204606,20.01928810030222,20.429855599999429,20.804444797337056,21.072244795039297,21.618899391964079,22.00489618629217,22.293208284303547,22.808975979685785,23.055454682558776,23.23541508242488,23.61768407933414,24.020032977685334,24.420015977695586,24.655732979997994,24.81450138054788,25.24198848567903,25.651819789782168,25.88045839034021,26.417083885520698,26.833061788231136,27.08123118802905,27.64240788668394,27.864997290074827,28.042533796280624,28.41978219896555,28.814961101859809,29.22386309877038,29.454725796356798,29.63145329616964,30.010370394214989,30.426682794466616,30.663753291592003,31.2208641897887,31.61746248975396,31.900170490145685,32.41041149199009,32.6588663905859,32.812835989519957,33.20666208676994,33.620524883270267,33.88272348232567,34.014814080670479,34.42036327533424,34.806919772177938,35.05986247397959,35.20756127499044,35.61167247407138,36.00912767276168,36.25922447256744,36.45757247321308,36.817804573103789,37.2169206738472,37.473001478239897,37.61865017935634,38.024307476356629,38.41446767933667,38.846194583922628,39.10210267826915,39.21807907894254,39.62109507992864,40.01883478090167,40.26931768283248,40.81970048137009,41.20557668060064,41.46737368032336,42.01023258455098,42.264456583186987,42.41321678459644,42.821538584306839,43.217031786218289,43.48855868913233,43.605147590860727,44.00498569384217,44.41656878963113,44.67110478505492,44.809247087687257,45.21568598598242,45.619622588157657,45.857788790017369,46.009103089571,46.41972669027746,46.8155179861933,47.0696360822767,47.252909587696198,47.622102389112118,48.01424568705261,48.41818828880787,48.821664690971378,49.206302588805559,49.60952969454229,50.008961291983727,50.416944494470957,50.814716098830107,51.20822159573436,51.625411396846178,52.05265679769218,52.43039880134165,52.840591905638579,53.08980130776763,53.28980131074786,53.66202761605382,54.04888132214546,54.29882072284818,54.42608932033181,54.82135261967778,55.21584701910615,55.457934718579057,55.62141361832619,56.013422111049298,56.42496161721647,56.66242091730237,56.85337421670556,57.20881402306259,57.62005962431431,58.01813821867108,58.430325619876388,58.81715101748705,59.209086410701278,59.60669910721481,60.027980007231239,60.44578080624342,60.8207051102072,61.21351790614426,61.612702801823619,62.019153602421287,62.423749601468447,62.71649280004203,62.81460510380566,63.216137904673818,63.607563603669408,63.88496270775795,64.01426641084254,64.42096030898392,64.82511531189084,65.07892221584916,65.24793061614037,65.6223536208272,66.01531771570444,66.26700611039996,66.41771931014955,66.81400850974024,67.2363763153553,67.62005051597953,68.43863791413605,68.83727171458304,69.6082837190479,70.00731701590121,70.40886822156608,70.87447392381728,71.27167322300375,72.00892732851207,72.4063514303416,73.21650703065098,73.62967133708298,74.41767583601177,74.80572943761945,75.20810763910413,75.62111584283412,76.00999184139073,76.80823494121433,77.22726024128497,77.48272533901036,77.61283203959465,78.01981014199555,78.42433814704418,78.67102744244039,79.20577104203403,79.60890324413777,79.87196124345064,80.42402034066618,80.66199534200132,80.81533134169877,81.2209478393197,81.62576724030078,81.89381813630462,82.03657693788409,82.41413503885269,82.80861153826118,83.10312663950026,83.20693913847208,83.61918703839183,84.01209783926606,84.31107043847442,84.41066953912378,84.81744493544102,85.20781743340194,85.47035302966833,85.62369902804494,86.0066894274205,86.41862282715738,86.80982752516866,87.06176352500916,87.21467192471028,87.60668782889843,88.01640763692558,88.26650423742831,88.81634853035212,89.21086002327502,89.46656662225723,90.01946592144668,90.26671122200787,90.4156760238111,90.8081367239356,91.20902472175658,91.48776902258396,91.6338548194617,92.01007441990078,92.4047313183546,92.67606331780553,92.85402931645513,93.20474281907082,93.61952051892877,93.87108681723476,94.03284411691129,94.42322530969978,94.8126572072506,95.10134081542492,95.20913141220808,95.6172499153763,96.00676821917296,96.41448191925884,96.65608182549477,96.83866392634809,97.21145772188902,97.61101192049682,97.87060402520001,98.42585012316704,98.81268222630024,99.07771682180464,99.61068572103977,99.86360402218998,100.05224462039769,100.40939401648939,100.8057947140187,101.21487691439688,101.46071761101485,101.6311478111893,102.02802070789039,102.40603420883417,102.7132145036012,103.21060100756586,103.62021921016276,103.87385490722954,104.41839700751007,104.67929510958493,104.8353833090514,105.21843631565571,105.61981410905719,106.02844431065023,106.30586031265557,106.41508991084993,106.82201921381057,107.21865581162274,107.4770980142057,108.01729881763458,108.40519701689482,108.65495461970568,109.21341441944242,109.4731966201216,109.61400391533971,110.01109581813216,110.40988821722567,110.80584121122956,111.06134301237762,111.22855801694095,111.61670661717653,112.0134364143014,112.26290041394532,112.80897171422839,113.20947531051934,113.45575591176748,114.01512771472335,114.26139541342855,114.42956081591547,114.80717172473669,115.21688022650779,115.61983632668853,116.01466073654592,116.43055054172874,116.8589824475348,117.23568024300039,117.6217586454004,118.00914374738932,118.41211564280093,118.82026574201882,119.24833084084094,119.60720134526491,120.02010844647885,120.258758245036,120.415556544438,120.8191534485668,121.22071064449847,121.47696114517749,121.63666894473136,122.01503534242511,122.41699404455722,122.69537394680083,122.81850094720721,123.21844304352999,123.60563994571567,123.88097134232521,124.00653624162078,124.41441434249282,124.83334623835981,125.21021473780275,125.61293194070459,126.01887224055827,126.42025743983686,126.81992644071579,127.20558164082468,127.61516153626144,128.01989083364607,128.4129450302571,128.8198125306517,129.21701583266259,129.6202862393111,129.9290984366089,130.02195583842696,130.41539533436299,130.81237133778633,131.08329353667797,131.21889223717154,131.61112953536213,132.01240923814476,132.29152013361455,132.40490693226458,132.81350223347546,133.20591643825174,133.46617743745447,133.65414443984629,134.04432344064117,134.42974803783,134.81396913714708,135.2174578383565,135.61148374341429,136.02368804253639,136.4079216439277,136.80923764407636,137.21175004541875,137.62112485058607,138.03406384959818,138.4207554552704,138.8166160583496,139.21560365706683,139.48044285550714,139.62894585728646,140.0097397584468,140.42064076289535,140.67461795918644,