{"songId":"ChasingTheSunset","beatNoteIndexes":[6,1,3,2,6,1,2,1,6,1,3,2,6,1,3,5,6,1,3,2,1,0,1,0,6,0,1,6,1,3,2,6,1,2,1,6,1,3,2,6,1,3,5,4,3,2,2,2,3,2,2,2,0,6,1,3,2,6,1,2,1,6,1,0,2,1,2,3,4,4,3,2,2,2,3,2,2,2,0,6,1,3,2,6,1,2,1,6,1,3,2,6,1,3,5,6,1,3,2,1,0,1,0,6,0,1,6,1,3,2,6,1,2,1,6,1,0,2,1,2,3,4,4,3,2,2,2,3,2,2,2,0,6,1,3,2,1,0,1,2,0,6,0,0,0,1,2,2,2,1,6,1,3,2,1,0,6,6,0,1,2,2,2,1,0,1,6,1,3,2,1,0,1,2,0,6,0,0,0,1,2,2,2,1,6,1,3,2,1,0,6,6,0,1,2,2,2,1,0,1,6,1,3,6,1,3,6,1,3,6,1,3,5,6,1,3,6,1,3,6,1,3,6,1,3,5,6,1,3,2,6,1,2,1,6,1,3,2,6,1,3,5,4,3,2,2,2,3,2,2,2,0,6,1,3,2,6,1,2,1,6,1,0,2,1,2,3,4,4,3,2,2,2,3,2,2,2,0,6,1,3,2,6,1,2,1,6,1,3,2,6,1,3,5,4,3,2,2,2,3,2,2,2,0,6,1,3,2,6,1,2,1,6,1,0,2,1,2,3,4,4,3,2,2,2,3,2,2,2,0,6,1,3,2,6,1,2,1,6,1,3,2,6,1,3,5,6,1,3,2,1,0,1,0,6,0,1,6,1,3,2,6,1,2,1,6,1,3,2,6,1,3,5,6,1,3,2,1,0,1,0,6,0,1],"beatTimeStamps":[11.300932282581926,11.654414082877338,12.00576008297503,12.356814282480628,12.71347908116877,13.068289780523628,13.416879979427904,13.770176980178804,14.124531478155405,14.477853178046644,14.8296397770755,15.184453576337546,15.538167776539922,15.889716276433319,16.242155575193466,16.593678974546493,16.949839174281807,17.304878275841476,17.653588474728168,18.005592572502793,18.35747277457267,18.712790075223894,19.41979937441647,19.768928974401207,20.478238373063506,21.181887571234257,21.891935671679677,22.593818469904364,22.949347268790008,23.301584569271655,23.65360956825316,24.004575467668475,24.36227866774425,24.709943967405708,25.065157766453923,25.417245966382326,25.7693989649415,26.125328364782037,26.476673163473607,26.830151063855739,27.1865062629804,27.536322362255306,27.890429862309249,28.24457976128906,28.949253861326726,29.65617365995422,30.36150815989822,30.714096459094436,31.06402845866978,31.769211157690735,32.476768255699429,33.18042445462197,33.53567195544019,33.891871955711398,34.24186455551535,34.59284445596859,34.950381255242977,35.30176315410063,35.65388215519488,36.00549555430189,36.362645952031019,36.71296335197985,37.06645575305447,37.41952035250142,37.77266535162926,38.127013850957158,38.4781158529222,38.830508751794699,39.181061152368787,39.538015452213588,40.23970745364204,40.9486886523664,41.65128704952076,42.004575547296557,42.357114747632298,43.067807545885447,43.77357914298773,44.47518774308264,44.82883154042065,45.184590039309117,45.537717937957498,45.888283534906808,46.24124703509733,46.596115035470578,46.947020734194669,47.30285653285682,47.655802331864837,48.00410963082686,48.36192772956565,48.71451172744855,49.06495392881334,49.42102662846446,49.774426428135488,50.126413128338757,50.474953728727999,50.8291000276804,51.184725726023319,51.537186426110569,51.88831502525136,52.244526324328038,52.59225582331419,53.29808232234791,53.65273972135037,54.357134820427749,55.067673416342589,55.76888321666047,56.47435451578349,56.82801131438464,57.18056431552395,57.537672214675698,57.88853231398389,58.23956911219284,58.592262112069878,58.94880151282996,59.30006231321022,59.65905561391264,60.00600761407986,60.361973515711728,60.71380651695654,61.0661034155637,61.41962961573154,61.77038681413978,62.12470641406253,62.82729731174186,63.53833670960739,64.23989390721545,64.59660640684888,64.95012930640951,65.65133380517364,66.36134720221162,67.06667080055922,67.42105620121584,67.77430989965797,68.12384330062196,68.4802140998654,68.83258749730885,69.53708839509636,70.24143399251625,70.59323779167608,71.30129788909108,72.3613195871003,73.06322148675099,73.4172999849543,74.12403298495338,75.53478038171306,75.88856058195234,76.23983068205416,76.94674478145316,77.65591338090599,78.3609865764156,79.06343067390844,79.42051487229765,79.77350427210331,80.12337737111375,80.82774587254971,81.53775687050075,81.89110016962514,82.59628946892917,83.30162946833298,83.65260226791725,84.3588435696438,84.71243786811829,86.82801695819944,87.5379463583231,89.29971365537495,90.0084314555861,90.3580550570041,90.71090915752575,91.06386325741187,91.41562195727602,92.12532135425136,92.82784525351599,93.18046325398609,93.88969185529277,94.94879105314613,95.65205595130101,96.00576945161447,96.71254514809698,98.12372644944117,98.48017165018246,98.83186555001885,99.53490884881467,100.24484494654462,100.9498691461049,101.65120514389128,102.00804264377803,102.35974104236812,102.71576844109223,103.42073054006323,104.12387423915789,104.47554583800957,105.18326753657311,105.88713653711602,106.24236193671823,106.94604523712769,107.30242313770578,109.41646173084155,110.12299153255299,111.89177163364366,112.59497313201428,112.94809193350375,113.29901833320037,113.6558948312886,114.3592062308453,114.71331952884793,115.06344062881544,115.77944662841037,116.12640952691436,116.47695042844862,117.18325972743333,117.5346613265574,117.89166852552444,118.24180092429742,118.59487782372162,118.94898482272402,119.29835162078962,120.00669771665707,120.36215541791171,120.71058331942186,121.41933842049912,121.77049431856722,122.12409351859242,122.82956661749631,123.18277911655605,123.53510311525315,123.89071111567319,124.24327561445534,124.59470431320369,124.94685991108418,125.30018281098455,125.65084641147405,126.00726881204173,126.35947861196473,126.70972541207448,127.06713111139834,127.4212271142751,127.77171241492033,128.12357371486724,128.4742846158333,128.83266751468183,129.182986616157,129.5364743154496,129.8876269138418,130.59543541399763,131.300021013245,132.00950551358984,132.35909501183779,132.71026181057096,133.41797481197865,134.12153460970149,134.83204650646077,135.18215560773388,135.53631600551308,135.88679990451784,136.24368700385095,136.5947098019533,136.94638590049,137.303096097894,137.65157769573853,138.01029749633745,138.360110594891,138.71043309336529,139.06715149478988,139.41860369453208,139.76977349678055,140.12722669541837,140.47854399261997,140.83213809179143,141.18304958799855,141.88737688632683,142.5940732830204,143.2988000814803,143.6560208820738,144.00937968399377,144.71285458188505,145.41936348192395,146.12460518348963,146.47864858340473,146.83074218500406,147.18374878214673,147.5337086794898,147.8872076794505,148.24211197951809,148.59690727852286,148.94644777849318,149.3004988785833,149.65114447753877,150.00701947696508,150.35816587507726,150.7109454749152,151.06348657468335,151.42053567525,151.77179837413133,152.1220630723983,152.48006117297337,153.18400256941096,153.88847626792268,154.5949731678702,154.94602756854148,155.30361576657743,156.00804396625609,156.71484596282245,157.41932706162334,157.76921366201715,158.1240198626183,158.47934186272324,158.8319399622269,159.1825988618657,159.533618260175,159.8876260588877,160.24394856207074,160.59437526203693,160.94548496091739,161.30244016088546,161.65579436253757,162.00693226233126,162.35973256267608,162.71000046143309,163.0676516611129,163.41864106198774,163.77018446242438,164.47888036025689,165.18101676134394,165.88602685928346,166.24346526060254,166.59472476085649,167.30219436017797,168.00795926013962,168.70992566039787,169.06297275889666,169.4202990597114,169.7698368593119,170.12326945643873,170.47955525526778,170.83049815287814,171.1840149522759,171.53831405192615,171.89193565072493,172.24303594930098,172.59635864710436,172.94707174832,173.29806015081705,173.65655165165664,174.00781645113603,174.35950645105914,174.71397545421497,175.06331345345826,175.42030755337329,175.77362825348974,176.12294615386055,176.4743232531473,176.82861035317183,177.5373858520761,177.8907368509099,178.59264214942233,179.30339435022325,180.00765115069226,180.71512695169077,181.0676704500802,181.418988248799,181.76851695030929,182.12177375005559,182.47936295019464,182.83225634787233,183.18418494937942,183.53411415079609,183.8921669498086,184.24264864763246,184.59345044754446,184.94649674743415,185.30243054730819,185.654365346767,186.00453424593435,186.36233924375848,186.7152201430872,187.0645877425559,187.41666084481404,187.7691270466894,188.13096194481478,188.8288372461684,189.18083004839719,189.89016754878686,190.59580914489926,191.3032906469889],"notes":[{"note":1,"octave":5},{"note":5,