{"songId":"ChasingTheSunset","beatNoteIndexes":[9,2,5,4,10,3,11,2,9,3,5,4,10,2,5,8,9,3,5,4,2,0,3,1,10,0,2,9,3,5,4,10,2,12,3,9,2,5,4,10,3,5,8,6,5,11,4,12,5,11,12,4,1,9,2,5,4,10,3,11,2,9,3,0,4,2,12,5,7,6,5,11,4,12,5,11,12,4,1,10,3,5,4,9,2,11,3,10,2,5,4,9,3,5,8,10,2,5,4,3,0,2,1,9,0,3,10,2,5,4,9,3,12,2,10,3,1,4,2,11,5,7,6,5,12,4,11,5,12,11,4,0,9,3,5,4,2,1,3,4,0,10,1,0,1,2,4,12,11,3,9,2,5,4,3,0,10,9,1,2,4,12,4,3,0,2,10,3,5,4,2,1,3,4,0,9,1,0,1,2,4,11,12,3,10,2,5,4,3,0,9,10,1,2,4,11,4,3,0,2,9,3,5,10,2,5,9,3,5,10,2,5,8,9,3,5,10,2,5,9,3,5,10,2,5,8,9,3,5,4,10,2,12,3,9,2,5,4,10,3,5,8,7,5,11,4,12,5,11,12,4,1,9,2,5,4,10,3,11,2,9,3,0,4,2,12,5,6,7,5,11,4,12,5,11,12,4,1,10,3,5,4,9,2,11,3,10,2,5,4,9,3,5,8,6,5,12,4,11,5,12,11,4,0,10,2,5,4,9,3,12,2,10,3,1,4,2,11,5,7,6,5,12,4,11,5,12,11,4,0,9,3,5,4,10,2,12,3,9,2,5,4,10,3,5,8,9,2,5,4,3,1,2,0,10,1,3,9,2,5,4,10,3,11,2,9,3,5,4,10,2,5,8,9,3,5,4,2,0,3,1,10,0,2],"beatTimeStamps":[11.300474600633607,11.654321498936043,12.006986697670073,12.358451098902151,12.71059619821608,13.063623495632783,13.417873895028606,13.771851795492694,14.122462793719024,14.477807593531907,14.828311294782907,15.18072169367224,15.533683192916215,15.887343695154414,16.239685794105755,16.59276159410365,16.949599394807593,17.2983801944647,17.653511194046588,18.00740419374779,18.35691769258119,18.711887191515417,19.415824292693288,19.771832294529305,20.474775495473297,21.180574892554433,21.887511093867944,22.594153293175624,22.945297092897819,23.301396092632787,23.653097892180086,24.00404249271378,24.357519392389805,24.711032391292976,25.06610399018973,25.416726888390259,25.770768588175998,26.12154968921095,26.4775903893169,26.828763589262964,27.181807189714165,27.53562768944539,27.889280289877207,28.24003318999894,28.94670208846219,29.65169688896276,30.358654488576577,30.71305538737215,31.065074587007986,31.77021658816375,32.475307487882677,33.18048288812861,33.53381608822383,33.88900108914822,34.24081579037011,34.59351829160005,34.94724169326946,35.30026619252749,35.65080029377714,36.0050346928183,36.35743429209106,36.71191449230537,37.06353299226612,37.41612019366585,37.76963079185225,38.124830291606489,38.47766219242476,38.82893619197421,39.182746092556048,39.53602549317293,40.24031399283558,40.9471690938808,41.65212849341333,42.00437549315393,42.35823009395972,43.065335193881768,43.771959397709,44.475196494255218,44.829181094886738,45.18069049459882,45.54322229488753,45.88606049492955,46.242487096227709,46.59560909657739,46.94514309591614,47.30212609702721,47.65459099668078,48.00640899501741,48.35731149604544,48.71210999623872,49.063948997529227,49.4156311978586,49.77030189917423,50.121633999748159,50.477704398101199,50.82843619887717,51.18218999868259,51.53449989994988,51.8887273974251,52.24055229732767,52.593517696950588,53.30007509700954,53.65191099466756,54.36128899361938,55.06500919139944,55.77115949220024,56.47669689077884,56.82977059180848,57.181778791127729,57.53361869114451,57.88829648937099,58.24135609110817,58.5940985919442,58.94796849088743,59.29872339125723,59.65246989252046,60.0058497923892,60.358648892026398,60.71021949243732,61.06486199120991,61.41779379104264,61.76945359073579,62.12370149279013,62.82755169435404,63.53358689555898,64.24085769592785,64.59386759693735,64.94811429688707,65.65173699776642,66.35825659777038,67.06527009536512,67.41693969466724,67.77129189413972,68.12474159314297,68.47689089248888,68.8296692930162,69.53809519205243,70.2403809891548,70.5921978908591,71.2989245899953,72.36044459301047,73.0661179930903,73.41626729303971,74.1247450907249,75.53556668735109,75.88741678628139,76.24107538629323,76.94785908726044,77.65459918836132,78.35972739011049,79.06595369032584,79.41936178901233,79.77178068854846,80.12274808785878,80.82836078619585,81.53651788504794,81.88605788606219,82.59355018706992,83.2994518878404,83.65299688722007,84.3580940880347,84.71243478893303,86.82730928715319,87.53648328711279,89.30672748712823,90.00396148813889,90.36052238661796,90.71238448703662,91.06520078796894,91.41543988673948,92.12516188481823,92.82944998331368,93.18347148271278,93.88798778387718,94.94672598456964,95.65196968265809,96.00566068128683,96.710657983087,98.12243848177605,98.47448558127508,98.82822808111087,99.53512518270873,100.24221238098107,100.94570617913269,101.65231527783908,102.00626207864844,102.3589905782137,102.71233837888576,103.41834687930532,104.12330427905545,104.47595037869178,105.1809633790981,105.88652917882428,106.2407153795939,106.94811917841435,107.30041237850674,109.41790807596408,110.12254677456804,111.88823307282292,112.5923675771337,112.94723617471755,113.30252647399903,113.6528978724964,114.35931517207064,114.71251417160966,115.06364767206833,115.77266637072899,116.12502436898649,116.4769553693477,117.18581317039207,117.53643047227524,117.8893832708709,118.23924847156741,118.59309417102486,118.945777870249,119.30137977004051,120.01067357044667,120.35881447116845,120.71264197025448,121.41818476840854,121.7691125671845,122.1224713679403,122.82813746808097,123.18285546917469,123.53509077127092,123.88827597117052,124.24233887251467,124.59546577255242,124.94729727087543,125.30252897227183,125.65335907181725,126.00444567226805,126.36863707355224,126.71121757500805,127.06349797616713,127.42315657809377,127.76990457740613,128.1246729765553,128.48371977498756,128.82808317639866,129.18318007676863,129.53434857772664,129.88692897791044,130.593305375427,131.29925597668626,132.0037433761172,132.35752517567017,132.70991207566113,133.41820087470115,134.12392817344517,134.82733837352135,135.18187437253074,135.53638807311655,135.8874396737665,136.24118027323858,136.59250867273659,136.94579907204025,137.3009294741787,137.65275507397019,138.00385047472083,138.36254817573355,138.7108046761714,139.06366957514548,139.4263053764589,139.77098667714746,140.1223371780943,140.47432327852585,140.8277490788605,141.18316957866774,141.88696487713606,142.59347087610514,143.30064827459865,143.65214687353,144.0064898740966,144.71129017416389,145.4173726751469,146.12210687506014,146.4758253742475,146.83136317087338,147.18061447050423,147.53355587110856,147.8865701716859,148.24726337217727,148.594832574483,148.94594847294503,149.30054137133994,149.65456607192756,150.00634937314318,150.35956547316165,150.71097577153706,151.06600497290493,151.41689157369548,151.7695911724586,152.1217414732091,152.47706547402778,153.1834082743153,153.88645577407443,154.59228847641499,154.94550557783806,155.2992240784224,156.00696117966437,156.71248218114489,157.41617078054697,157.76998998061755,158.12800568155945,158.4760829815641,158.83213898306713,159.19281598203816,159.53395468275995,159.88854798069225,160.2409752800595,160.5949448805768,160.94781548110769,161.2983034818899,161.65371208172292,162.00670928135515,162.35926128202119,162.7123630847782,163.06365068466404,163.41745458589868,163.7689055870287,164.4775284868665,165.1827470860444,165.88609188375995,166.2404899832327,166.59358948399314,167.30034518567846,168.01700958469884,168.71068938449026,169.0640362848062,169.41546318563634,169.76951978565195,170.1214035861194,170.4774784867186,170.82785228593276,171.18102798610927,171.53654008638115,171.8880975872744,172.23942898539827,172.59367498545908,172.9469351870939,173.29799418826588,173.6508200885728,174.0066686894279,174.3584984894842,174.7132506906055,175.0625089900568,175.41557749034838,175.77044758945704,176.12278288882227,176.47595568886028,176.82737668813207,177.5361534897238,177.88869578950108,178.594211589545,179.29982679057867,180.01357579254546,180.70958009222523,181.07652229070664,181.4190760916099,181.77143009146676,182.12206219136716,182.47520849201829,182.82730439282023,183.1838322931435,183.5362286940217,183.8885271938052,184.24020159244538,184.59228759049439,184.94848289061339,185.30055878986605,185.65188168757596,186.00426658708603,186.35862588696183,186.7114915852435,187.06620378629305,187.41639108513483,187.77083958452568,188.12142558326014,188.8281865811441,189.18037858209574,189.8883312807884,190.59289018134587,191.29911897913554],