{"songId":"LuminousSands","beatNoteIndexes":[6,4,3,0,6,5,3,1,6,4,3,5,6,4,3,2,6,5,3,0,6,4,3,1,6,5,3,4,6,5,3,2,6,4,3,0,8,6,5,3,0,7,6,4,3,5,3,6,4,3,6,1,6,5,3,0,8,6,4,3,0,7,6,5,3,4,3,6,5,3,6,2,6,4,3,5,4,1,0,5,6,4,3,5,3,4,3,6,5,3,4,5,2,0,4,6,5,3,4,3,5,3,6,4,3,0,0,6,5,3,1,2,6,4,3,5,4,6,5,3,1,2,6,4,3,0,8,6,5,3,0,7,6,4,3,5,3,6,4,3,6,1,6,5,3,0,0,6,4,3,2,1,6,5,3,4,5,6,4,3,2,1,6,5,3,0,8,6,4,3,0,7,6,5,3,4,3,6,5,3,6,2,6,4,3,5,4,1,0,5,6,4,3,5,3,4,3,6,5,3,4,5,2,0,4,6,5,3,4,3,5,3,6,4,3,0,0,6,5,3,1,2,6,4,3,5,4,6,5,3,1,2,6,4,3,0,8,6,5,3,0,7,6,4,3,5,3,6,4,3,6,1,6,5,3,0,6,4,3,2,6,5,3,4,6,5,3,1,6,4,3,0,6,5,3,2,6,4,3,5,6,4,3,1],"beatTimeStamps":[2.40984020056203,2.8092561981175097,3.2086119989398869,3.6111070988699796,5.608399804448709,6.010177105432376,6.411627805326134,6.808914602268487,8.808468704344705,9.209854603977874,9.608492504339666,10.012271203799174,12.009998704772443,12.409957701805979,12.8099243005272,13.20935529936105,15.211430800380186,15.6089236009866,16.0115657011047,16.411444100551308,18.410073502687739,18.810391002567486,19.211170703172685,19.612350802402945,21.609033504035325,22.011429304024206,22.410943305119873,22.81029180623591,24.810693006031216,25.210164605639876,25.610290705459194,26.009131506318228,28.01164720603265,28.408951105782763,28.810956704895945,29.208654306596146,30.01188250584528,31.20875920401886,31.60834130528383,32.011660404503349,32.411500005284327,33.210202706977728,34.41078850883059,34.810248610563579,35.21018291008659,35.6109318099916,36.4099933123216,37.61140201194212,38.00950901233591,38.41084331343882,38.808902411488819,39.61179681122303,40.80907081114128,41.21057821228169,41.609070712700489,42.011573411058638,42.809048012131828,44.01138261379674,44.410009815357629,44.808650413528088,45.21302611310966,46.01111881271936,47.20897351321764,47.61121971299872,48.00841251411475,48.41179371322505,49.208583214785907,50.41017541405745,50.80976201361045,51.20938471262343,51.60896981344558,52.4110663139727,53.2118753134273,53.61222041491419,54.00958031369373,54.40967061370611,55.212242412613708,56.41055171377957,58.00889601698145,58.81065751751885,59.610444917110729,60.011178316315639,60.40945451636799,60.81085491622798,61.61115431552753,64.4097470107954,65.2103900082875,66.01085390825756,66.40911250887439,66.81024311017245,67.20929410937242,68.00883281067945,69.21084801084362,70.81020320951939,71.61170090734959,72.41032370529138,72.80964440316893,73.20962980296463,73.6087137022987,74.41032610181719,77.2094737032894,78.0083564023953,79.21110670268536,79.60997610143386,80.0101655011531,80.40905140084215,81.20907480129972,82.41080910339952,82.81150090345182,83.21170860249549,83.6090599023737,84.41218470176682,85.61122200312093,86.01053420337849,86.40986520401202,86.81098090508022,87.61007000296377,88.81123310164549,89.20973810227588,89.6110471021384,90.00876040197909,90.8084513018839,92.01106450124644,92.40857950085774,92.80950190057047,93.21095360047184,94.01092220074497,95.20847690035589,95.61003330000676,96.00893529946916,96.41069499938749,97.21087710047141,98.41084740078077,98.80973340081983,99.20956900133752,99.60838300222531,100.41056810249575,101.61094890302047,102.01107110315934,102.4103341049049,102.8115584042389,103.60885160509497,104.8109905035235,105.20901110488922,105.60904090316035,106.01022970373742,106.81053110421635,108.01024450664409,108.40983960684389,108.81151340692304,109.20902590756305,110.01002180809155,111.2118953098543,111.60907041071914,112.00924111017958,112.40868900972419,113.21162420976907,114.40939770755358,114.8093915078789,115.21125080878847,115.61182830878534,116.40998330689036,117.61088750744239,118.00862100836821,118.40945250703953,118.81105810636655,119.611781405285,120.81049160542898,121.20906500518322,121.60970920487307,122.00966760423035,122.81027640448883,124.00923870271072,124.41131459968165,124.81134010013193,125.21213439991698,126.01184709835798,127.21151599683799,127.61078769643791,128.0088641969487,128.411125295097,129.20898379501888,130.01124319527299,130.40991429635325,130.8093224952463,131.2089037951082,132.010731395334,133.20953699480743,134.80945349670948,135.60967769706623,136.40845970064403,136.80859199981206,137.21069250022993,137.61087379953825,138.41174280038104,141.21147680142895,142.00912349973806,142.81137299956755,143.21024250122719,143.609783900436,144.01006469945424,144.81086750072428,146.01108869723977,147.60945269744844,148.40976429660805,149.20860919705593,149.6087773970794,150.0086498982273,150.41120210010559,151.2086328016594,154.01091230520979,154.8093474060297,156.00857230694965,156.410938605899,156.81068970868365,157.2094591106288,158.0084136116784,159.20847341185437,159.6085191112943,160.01023141201586,160.40935101290234,161.21080341446214,162.4086697162129,162.81083101569676,163.21031641797164,163.60936282016338,164.41013591899537,165.6118041158188,166.00889021577314,166.40924471383915,166.80952341365629,167.6119897137396,168.8083974129986,169.21063641202637,169.6090428128373,170.00999461277389,170.81141261267477,172.01109671290033,172.41093471366913,172.80889661354014,173.21129191317596,174.0119573122356,175.20843911124394,175.60974131291733,176.01072691357695,176.40977381449194,177.21069181454369,178.41007381444798,178.80864041298629,179.20910031278619,179.60837611323223,180.40919321100228,181.61039880965837,182.00883341068403,182.40868061361835,182.81084711430595,184.81043511419558,185.2103546145372,185.60914321546444,186.0114849160891,188.01159221748822,188.40978771657684,188.81031441688539,189.2104399164673,191.21109751588666,191.61063811578789,192.0096169153694,192.41058811545373,194.40952811413445,194.80980351334439,195.21152431401425,195.61060471390375,197.60901361471043,198.0093751149252,198.4118361142464,198.8115679146722,200.81057461653837,201.20996981556528,201.60854911478237,202.01202611485497,204.01102311373689,204.41176471253858,204.8090137138497,205.2089560145978],"notes":[{"note":8,"octave":5},{"note":6,"octave":5},{"note":5,"octave":5},{"note":1,"octave":5},{"note":8,"octave":5},{"note":6,"octave":5},{"note":5,"octave":5},{"note":3,"octave":5},{"note":8,"octave":5},{"note":6,"octave":5},{"note":5,"octave":5},{"note":6,"octave":5},{"note":8,"octave":5},{"note":6,"octave":5},{"note":5,"octave":5},{"note":3,"octave":5},{"note":8,"octave":5},{"note":6,"octave":5},{"note":5,"octave":5},{"note":1,"octave":5},{"note":8,"octave":5},{"note":6,"octave":5},{"note":5,"octave":5},{"note":3,"octave":5},{"note":8,"octave":5},{"note":6,"octave":5},{"note":5,"octave":5},{"note":6,"octave":5},{"note":8,"octave":5},{"note":6,"octave":5},{"note":5,"octave":5},{"note":3,"octave":5},{"note":8,"octave":5},{"note":6,"octave":5},{"note":5,"octave":5},{"note":1,"octave":5},{"note":10,"octave":5},{"note":8,"octave":5},{"note":6,"octave":5},{"note":5,"octave":5},{"note":1,"octave":5},{"note":12,"octave":5},{"note":8,"octave":5},{"note":6,"octave":5},{"note":5,"octave":5},{"note":6,"octave":5},{"note":5,"octave":5},{"note":8,"octave":5},{"note":6,"octave":5},{"note":5,"octave":5},{"note":8,"octave":5},{"note":3,"octave":5},{"note":8,"octave":5},{"note":6,"octave":5},{"note":5,"octave":5},{"note":1,"octave":5},{"note":10,"octave":5},{"note":8,"octave":5},{"note":6,"octave":5},{"note":5,"octave":5},{"note":1,"octave":5},{"note":12,"octave":5},{"note":8,"octave":5},{"note":6,"octave":5},{"note":5,"octave":5},{"note":6,"octave":5},{"note":5,"octave":5},{"note":8,"octave":5},{"note":6,"octave":5},{"note":5,"octave":5},{"note":8,"octave":5},{"note":3,"octave":5},{"note":8,"octave":5},{"note":6,"octave":5},{"note":5,"octave":5},{"note":6,"octave":5},{"note":6,"octave":5},{"note":3,"octave":5},{"note":1,"octave":5},{"note":6,"octave":5},{"note":8,"octave":5},{"note":6,"octave":5},{"note":5,"octave":5},{"note":6,"octave":5},{"note":5,"octave":5},{"note":6,"octave":5},{"note":5,"octave":5},{"note":8,"octave":5},{"note":6,"octave":5},{"note":5,"octave":5},{"note":6,"octave":5},{"note":6,"octave":5},{"note":3,"octave":5},{"note":1,"octave":5},{"note":6,"octave":5},{"note":8,