{"songId":"LuminousSands","beatNoteIndexes":[4,3,2,0,4,3,2,1,4,3,2,3,4,3,2,1,4,3,2,0,4,3,2,1,4,3,2,3,4,3,2,1,4,3,2,0,6,4,3,2,0,5,4,3,2,3,2,4,3,2,4,1,4,3,2,0,6,4,3,2,0,5,4,3,2,3,2,4,3,2,4,1,4,3,2,3,3,1,0,3,4,3,2,3,2,3,2,4,3,2,3,3,1,0,3,4,3,2,3,2,3,2,4,3,2,0,0,4,3,2,1,1,4,3,2,3,3,4,3,2,1,1,4,3,2,0,6,4,3,2,0,5,4,3,2,3,2,4,3,2,4,1,4,3,2,0,0,4,3,2,1,1,4,3,2,3,3,4,3,2,1,1,4,3,2,0,6,4,3,2,0,5,4,3,2,3,2,4,3,2,4,1,4,3,2,3,3,1,0,3,4,3,2,3,2,3,2,4,3,2,3,3,1,0,3,4,3,2,3,2,3,2,4,3,2,0,0,4,3,2,1,1,4,3,2,3,3,4,3,2,1,1,4,3,2,0,6,4,3,2,0,5,4,3,2,3,2,4,3,2,4,1,4,3,2,0,4,3,2,1,4,3,2,3,4,3,2,1,4,3,2,0,4,3,2,1,4,3,2,3,4,3,2,1],"beatTimeStamps":[0.4130532001145184,0.8120531961321831,1.2137005915865303,1.6114390892907978,3.6093710786662998,4.012437277007848,4.409768175333738,4.812230273149908,6.812127361539751,7.208693060092628,7.613741457462311,8.00949375424534,10.013934245333076,10.413569844327867,10.809468042105437,11.210054440423847,13.208628730848432,13.613549029454589,14.014363827649504,14.409440426155925,16.410318416077645,16.814353014808149,17.20938371354714,17.60902161244303,19.610141006298364,20.01089410437271,20.411503304261715,20.809834803454579,22.81102659367025,23.21428069099784,23.613243989180775,24.00965998787433,26.009592880494894,26.412225481588395,26.811214478686453,27.211628978140653,28.013470475096257,29.20985207054764,29.612170869484545,30.012472367845477,30.408888665027918,31.20987325767055,32.409546750131998,32.8110659471713,33.21384294424206,33.61264184163883,34.41290933592245,35.61024152720347,36.0087699261494,36.40996962739155,36.813005726318809,37.612120426725599,38.81465462222695,39.20925912074745,39.61152671976015,40.00948941987008,40.81303501641378,42.00963051524013,42.413108315784487,42.81325281271711,43.20884031057358,44.01262371009216,45.20854880800471,45.61335770878941,46.01033090800047,46.41391950612888,47.2127566030249,48.41142160259187,48.8096302007325,49.21394539764151,49.61070239683613,50.41333479387686,51.214240989647809,51.60893598943949,52.008970487862828,52.41222358727828,53.21317498246208,54.41165098082274,56.01439227676019,56.81256307521835,57.61325227608904,58.01060097338632,58.414104672148827,58.81441797083244,59.61221356643364,62.414045761339369,63.21145506342873,64.0137750627473,64.41169146168977,64.81144276121631,65.21355826035142,66.0114182587713,67.21338325599209,68.8112568538636,69.60974415205419,70.41294495062903,70.8139301482588,71.20900094835088,71.61403484735638,72.41237084846944,75.20965364854783,76.01415284583345,77.2108804420568,77.61319134151563,78.01398003986106,78.41177413892001,79.20927153807134,80.40903593786061,80.80965793738142,81.21408643806353,81.61256653489545,82.41096263565123,83.6101094353944,84.01153263635934,84.41395403444767,84.81314963521436,85.61087893228978,86.81334033049643,87.21153762796894,87.61308782594279,88.01038932427764,88.81344232195989,90.01251641940326,90.41387791931629,90.80848311819136,91.21195971686393,92.0125003149733,93.20860001491383,93.61248191446066,94.0084772137925,94.41240641195327,95.21273690927774,96.41196900559589,96.8116120044142,97.21139810374007,97.61277190316469,98.41373650357127,99.61277680192143,100.01013940153644,100.41385450027883,100.81306040054187,101.61279010074213,102.81026299623773,103.21263249404729,103.61144099291414,104.01341399457306,104.81292298994959,106.01373908715323,106.41104508563876,106.81269078375772,107.21188578102738,108.01335327886045,109.21346407709643,109.61241947673261,110.0097857741639,110.41259467368946,111.21252537006512,112.4138420689851,112.80882916878909,113.21223177015782,113.61063736816868,114.41370536293835,115.61338426312432,116.0116040641442,116.41174246324226,116.81272006081417,117.612979659345,118.80928725842387,119.21080345660448,119.61306585557759,120.01313475426287,120.81234945263714,122.01272825198248,122.41209045192227,122.81072865147144,123.2115335506387,124.01476064836607,125.21169974608347,125.61048304475844,126.01265554362908,126.41001904197037,127.21366793755442,128.0111363385804,128.41144633712248,128.810454135295,129.21282573323698,130.01301753288136,131.21202822821216,132.81257622363047,133.6112802219577,134.41364912036807,134.8120695198886,135.21069301990793,135.61378981918097,136.41227111732588,139.21218161052094,140.00989701086656,140.81083690654487,141.21384480781854,141.6093401061371,142.01222110539676,142.81119260378183,144.01194819854573,145.61279569473119,146.40968939615414,147.21259549679236,147.61000519618393,148.00980409467594,148.4102816930972,149.2104204944335,152.00921618705616,152.80866578640417,154.00887188035996,154.4122937801294,154.80943277757616,155.21169007616119,156.01153057301418,157.22200967092068,157.60869956808166,158.00842976756395,158.40945436619223,159.2111707655713,160.4100502608344,160.90610056184233,161.21332076052205,161.6133910617791,162.40895416215063,163.6113245631568,164.01035566302017,164.41394436126576,164.81408446095885,165.61287035932765,166.8129090652801,167.21132486360149,167.6137458626181,168.01243966259063,168.80872176168487,170.01344515988604,170.40847766119988,170.8206889592111,171.21003745915369,172.0106294574216,173.20973045518623,173.61404215544463,174.00834715506063,174.41071125259624,175.21049445169047,176.4105862500146,176.81017454946415,177.21031835163013,177.61195775307716,178.4105182532221,179.61067455122248,180.01304465020076,180.4116284479387,180.8116623465903,182.8117489409633,183.21289454214276,183.61139664240182,184.01178454095499,186.01250104326756,186.41008144337685,186.81239294353873,187.21136804297567,189.21389494044707,189.61135873990134,190.00858333939687,190.4131313371472,192.40994663350285,192.8112578340806,193.21173183480279,193.61220773449169,195.61397012788803,196.00939202588052,196.41264652460814,196.8141757217236,198.8127422183752,199.2104234159924,199.60889301495627,200.00863391440363,202.01222781604157,202.41337081510575,202.81384831480683,203.2111539132893],"notes":[{"note":8,"octave":5},{"note":6,"octave":5},{"note":5,"octave":5},{"note":1,"octave":5},{"note":8,"octave":5},{"note":6,"octave":5},{"note":5,"octave":5},{"note":3,"octave":5},{"note":8,"octave":5},{"note":6,"octave":5},{"note":5,"octave":5},{"note":6,"octave":5},{"note":8,"octave":5},{"note":6,"octave":5},{"note":5,"octave":5},{"note":3,"octave":5},{"note":8,"octave":5},{"note":6,"octave":5},{"note":5,"octave":5},{"note":1,"octave":5},{"note":8,"octave":5},{"note":6,"octave":5},{"note":5,"octave":5},{"note":3,"octave":5},{"note":8,"octave":5},{"note":6,"octave":5},{"note":5,"octave":5},{"note":6,"octave":5},{"note":8,"octave":5},{"note":6,"octave":5},{"note":5,"octave":5},{"note":3,"octave":5},{"note":8,"octave":5},{"note":6,"octave":5},{"note":5,"octave":5},{"note":1,"octave":5},{"note":10,"octave":5},{"note":8,"octave":5},{"note":6,"octave":5},{"note":5,"octave":5},{"note":1,"octave":5},{"note":12,"octave":5},{"note":8,"octave":5},{"note":6,"octave":5},{"note":5,"octave":5},{"note":6,"octave":5},{"note":5,"octave":5},{"note":8,"octave":5},{"note":6,"octave":5},{"note":5,"octave":5},{"note":8,"octave":5},{"note":3,"octave":5},{"note":8,"octave":5},{"note":6,"octave":5},{"note":5,"octave":5},{"note":1,"octave":5},{"note":10,"octave":5},{"note":8,"octave":5},{"note":6,"octave":5},{"note":5,"octave":5},{"note":1,"octave":5},{"note":12,"octave":5},{"note":8,"octave":5},{"note":6,"octave":5},{"note":5,"octave":5},{"note":6,"octave":5},{"note":5,"octave":5},{"note":8,"octave":5},{"note":6,"octave":5},{"note":5,"octave":5},{"note":8,"octave":5},{"note":3,"octave":5},{"note":8,"octave":5},{"note":6,"octave":5},{"note":5,"octave":5},{"note":6,"octave":5},{"note":6,"octave":5},{"note":3,"octave":5},{"note":1,"octave":5},{"note":6,"octave":5},{"note":8,"octave":5},{"note":6,"octave":5},{"note":5,"octave":5},{"note":6,"octave":5},{"note":5,"octave":5},{"note":6,"octave":5},{"note":5,"octave":5},{"note":8,"octave":5},{"note":6,"octave":5},{"note":5,"octave":5},{"note":6,"octave":5},{"note":6,"octave":5},{"note":3,"octave":5},{"note":1,"octave":5},{"note":6,"octave":5},{"note":8,