{"songId":"LuminousSands","beatNoteIndexes":[4,3,2,0,4,3,2,1,4,3,2,3,4,3,2,1,4,3,2,0,4,3,2,1,4,3,2,3,4,3,2,1,4,3,2,0,6,4,3,2,0,5,4,3,2,3,2,4,3,2,4,1,4,3,2,0,6,4,3,2,0,5,4,3,2,3,2,4,3,2,4,1,4,3,2,3,3,1,0,3,4,3,2,3,2,3,2,4,3,2,3,3,1,0,3,4,3,2,3,2,3,2,4,3,2,0,0,4,3,2,1,1,4,3,2,3,3,4,3,2,1,1,4,3,2,0,6,4,3,2,0,5,4,3,2,3,2,4,3,2,4,1,4,3,2,0,0,4,3,2,1,1,4,3,2,3,3,4,3,2,1,1,4,3,2,0,6,4,3,2,0,5,4,3,2,3,2,4,3,2,4,1,4,3,2,3,3,1,0,3,4,3,2,3,2,3,2,4,3,2,3,3,1,0,3,4,3,2,3,2,3,2,4,3,2,0,0,4,3,2,1,1,4,3,2,3,3,4,3,2,1,1,4,3,2,0,6,4,3,2,0,5,4,3,2,3,2,4,3,2,4,1,4,3,2,0,4,3,2,1,4,3,2,3,4,3,2,1,4,3,2,0,4,3,2,1,4,3,2,3,4,3,2,1],"beatTimeStamps":[2.414165403228253,2.8142092041671278,3.2129252043087037,3.6087571047246458,5.609922399511561,6.008801699616015,6.40968480007723,6.809369599912316,8.810553204501048,9.210108205443249,9.610987707274035,10.009095904650167,12.010161907877773,12.40934400819242,12.810384908225388,13.209662209497765,15.208412510575727,15.609843010082841,16.008720509475098,16.409547409741209,18.410613909130917,18.809692409588025,19.208650507731364,19.609279308468105,21.609297510934995,22.009172009769828,22.41005011089146,22.808599611045794,24.81015481054783,25.210230508819224,25.608548609539868,26.010761510347949,28.009023513179274,28.409406013786794,28.809317115927116,29.210805616574363,30.009402216412128,31.210036715725438,31.61022431543097,32.00896061677486,32.40883561549708,33.209114213939759,34.409193714149299,34.8093881146051,35.20859051332809,35.60969221172854,36.41001521144062,37.61109971185215,38.010025611845779,38.41085141082294,38.810423012822869,39.609744512243199,40.811277812346819,41.211242011981088,41.60967791243456,42.011115012923259,42.80941391084343,44.00892821117304,44.411009210394698,44.81009030994028,45.21046710968949,46.009893709328029,47.2110770100262,47.61015680921264,48.00857720896602,48.410082610789689,49.209935310762379,50.40985421091318,50.80959811154753,51.21048071072437,51.60922921076417,52.409787212032828,53.20851751207374,53.61009021149948,54.009659212082627,54.40985801187344,55.21026481338777,56.4085751126986,58.00932241161354,58.81046431045979,59.61006700922735,60.011109409388158,60.41030040872283,60.8101705100853,61.61040691053495,64.41021251236089,65.20956161082722,66.01068091299385,66.41057301382534,66.80883281328716,67.21113231335767,68.00942691345699,69.20945681328885,70.8085418138653,71.61072201491334,72.40868421480991,72.8109814147465,73.20883401413448,73.60956891300157,74.40950831375085,77.2111654127948,78.00833661202342,79.20858961134218,79.61004811176099,80.00960191222839,80.4108783134725,81.2092884129379,82.40921091265045,82.8091503130272,83.20994341233745,83.60906361253001,84.41001861193218,85.61005821125582,86.00963371060789,86.41008951095864,86.80926931253635,87.60984661383555,88.81017751386389,89.21096201334149,89.60866701370105,90.0099074121099,90.81015851139091,92.00995411118493,92.4102941120509,92.80970471096225,93.21072641038336,94.0095786107704,95.209006910678,95.6110206109006,96.0109502109699,96.41068611154333,97.21116061136127,98.40959141193889,98.80863861134276,99.20924231037498,99.6085416090209,100.41001061093994,101.6091299096588,102.01443241094239,102.4091877087485,102.80919170752168,103.60954530769959,104.80855850735679,105.20989190740511,105.60930780717172,106.01015000767075,106.80932320700959,108.00846870662645,108.40872090449557,108.8104173054453,109.21055660559796,110.010370306205,111.20856380579062,111.60955910664052,112.00878480751999,112.41052040713839,113.21115520899184,114.40846750768833,114.81133020669222,115.20918840705417,115.6088902070187,116.40984940668568,117.61120530753397,118.01020630798303,118.40966560645029,118.80921320687048,119.60934140533209,120.8083902047947,121.21108990511857,121.60873440420255,122.00962560391054,122.80888380412944,124.00990180298686,124.40956850396469,124.81094320281409,125.20990010281094,126.01004400313832,127.20861260406673,127.60943930502981,128.0099543046672,128.41012380481699,129.2104241058696,130.0087584052235,130.40918370662258,130.8087222063914,131.2085822056979,132.01110150432215,133.20944010582753,134.8087440065574,135.6083377050236,136.40959720569664,136.80890600685962,137.2100074060727,137.60930600669236,138.408573808847,141.20981620717795,142.00842550746166,142.80861590709538,143.21107230801136,143.6112941072788,144.01094470638783,144.8090395075269,146.00935880793259,147.6088613071479,148.40912750479766,149.210299506085,149.60900930454955,150.00943640526385,150.40858130645939,151.21032170555555,154.00917450501584,154.80893930396997,156.009811402997,156.410692704143,156.80946680507624,157.208356305724,158.0098620064091,159.2098063051235,159.61022100504489,160.01051560230554,160.41046360274778,161.20906210155227,162.40958929946647,162.80995949963109,163.2107591992244,163.60845019924455,164.41124910046347,165.6095127002336,166.00865789852106,166.40938579733484,166.80914949718864,167.6095752979163,168.80985639593565,169.2106630958151,169.6104295947589,170.010532195447,170.80939789535479,172.00850399397315,172.40902249491774,172.8104512959253,173.2098342962563,174.01108569744975,175.21023400058039,175.61040510050953,176.0095618008636,176.41119860042819,177.2085394009482,178.409975300543,178.81103430176155,179.20921800192446,179.60836880165153,180.40913200262004,181.6102170003578,182.0092503009364,182.4094290016219,182.8115703004878,184.808424501447,185.20972919999623,185.61108939931729,186.0098906995263,188.00961340218783,188.40922330180184,188.8105487031862,189.21049640257844,191.20937720220537,191.6112085019704,192.00944250263275,192.40923830121757,194.4102587022353,194.81032500229777,195.20857420261019,195.60976460110397,197.6100976022426,198.01093470095658,198.40944170136937,198.80986950080843,200.8101179059595,201.2096853053663,201.6100453042891,202.01062550605276,204.00918960478158,204.40959290321917,204.80880340212026,205.2092554019764],"notes":[{"note":8,"octave":5},{"note":6,"octave":5},{"note":5,"octave":5},{"note":1,"octave":5},{"note":8,"octave":5},{"note":6,"octave":5},{"note":5,"octave":5},{"note":3,"octave":5},{"note":8,"octave":5},{"note":6,"octave":5},{"note":5,"octave":5},{"note":6,"octave":5},{"note":8,"octave":5},{"note":6,"octave":5},{"note":5,"octave":5},{"note":3,"octave":5},{"note":8,"octave":5},{"note":6,"octave":5},{"note":5,"octave":5},{"note":1,"octave":5},{"note":8,"octave":5},{"note":6,"octave":5},{"note":5,"octave":5},{"note":3,"octave":5},{"note":8,"octave":5},{"note":6,"octave":5},{"note":5,"octave":5},{"note":6,"octave":5},{"note":8,"octave":5},{"note":6,"octave":5},{"note":5,"octave":5},{"note":3,"octave":5},{"note":8,"octave":5},{"note":6,"octave":5},{"note":5,"octave":5},{"note":1,"octave":5},{"note":10,"octave":5},{"note":8,"octave":5},{"note":6,"octave":5},{"note":5,"octave":5},{"note":1,"octave":5},{"note":12,"octave":5},{"note":8,"octave":5},{"note":6,"octave":5},{"note":5,"octave":5},{"note":6,"octave":5},{"note":5,"octave":5},{"note":8,"octave":5},{"note":6,"octave":5},{"note":5,"octave":5},{"note":8,"octave":5},{"note":3,"octave":5},{"note":8,"octave":5},{"note":6,"octave":5},{"note":5,"octave":5},{"note":1,"octave":5},{"note":10,"octave":5},{"note":8,"octave":5},{"note":6,"octave":5},{"note":5,"octave":5},{"note":1,"octave":5},{"note":12,"octave":5},{"note":8,"octave":5},{"note":6,"octave":5},{"note":5,"octave":5},{"note":6,"octave":5},{"note":5,"octave":5},{"note":8,"octave":5},{"note":6,"octave":5},{"note":5,"octave":5},{"note":8,"octave":5},{"note":3,"octave":5},{"note":8,"octave":5},{"note":6,"octave":5},{"note":5,"octave":5},{"note":6,"octave":5},{"note":6,"octave":5},{"note":3,"octave":5},{"note":1,"octave":5},{"note":6,"octave":5},{"note":8,"octave":5},{"note":6,"octave":5},{"note":5,"octave":5},{"note":6,"octave":5},{"note":5,"octave":5},{"note":6,"octave":5},{"note":5,"octave":5},{"note":8,"octave":5},{"note":6,"octave":5},{"note":5,"octave":5},{"note":6,"octave":5},{"note":6,"octave":5},{"note":3,"octave":5},{"note":1,"octave":5},{"note":6,"octave":5},{"note":8,"octave":5},{"note":6,