{"songId":"OnTheSeaside","beatNoteIndexes":[0,7,6,5,4,3,4,3,3,2,1,2,0,7,6,5,4,3,4,5,5,4,3,4,0,7,6,5,4,3,4,3,3,2,1,2,6,5,4,3,3,4,5,5,6,5,4,3,3,4,3,0,7,6,5,4,3,4,3,3,2,1,2,0,7,6,5,4,3,4,5,5,4,3,4,0,7,6,5,4,3,4,3,3,2,1,2,6,5,4,3,3,4,5,5,6,5,4,3,3,4,3,0,7,7,8,6,5,4,5,3,4,5,4,5,6,5,8,7,7,8,6,5,6,7,5,4,5,6,4,3,1,3,4,2,3,0,7,7,8,6,5,4,5,3,4,5,4,5,6,5,8,7,7,8,6,5,6,7,5,4,5,6,4,3,1,3,4,2,3,3,3,3,7,6,5,4,4,4,3,3,3,7,6,7,8,4,4,3,3,3,6,7,8,7,6,5,5,4,1,3,4,5,6,3,3,3,3,3,3,4,2,4,6,7,0,7,6,5,4,3,4,3,3,2,1,2,0,7,6,5,4,3,4,5,5,4,3,4,0,7,6,5,4,3,4,3,3,2,1,2,6,5,4,3,3,4,5,5,6,5,4,3,3,4,3,0,7,6,5,4,3,4,3,3,2,1,2,0,7,6,5,4,3,4,5,5,4,3,4,0,7,6,5,4,3,4,3,3,2,1,2,6,5,4,3,3,4,5,5,6,5,4,3,3,4,3],"beatTimeStamps":[11.653802949003876,12.009174446109683,12.356894145254046,12.538731243927032,12.891132041811943,13.239404741209,13.595563538838178,13.949455637484789,14.125489136204124,14.655160932336003,15.180911728646607,15.537079628091306,17.302207618486137,17.65133591601625,18.00660371547565,18.18297801539302,18.535032013896854,18.88918871199712,19.242304909508677,19.597165708895774,19.769452409353108,20.29838870698586,20.829341704957188,21.181067703291775,22.946694493293763,23.301997892558576,23.653441092930735,23.83149279234931,24.18077819328755,24.534515492152424,24.891235490795226,25.24164919089526,25.420771689154209,25.9455805872567,26.478047484066339,26.833947783336045,27.18071977980435,27.35981267876923,27.7101858779788,28.065180275123568,28.24328437494114,28.768595272209497,29.30230326903984,30.185441062320025,30.35726246284321,30.535315062850715,30.70969886239618,30.889126961119474,31.067802159115673,31.592914956621827,32.12213475489989,34.2439485443756,34.594288444146517,34.95039584534243,35.12606244487688,35.4762984435074,35.83217694144696,36.182770339772108,36.53592773899436,36.713856138754639,37.241231138352308,37.774779736530039,38.12226043548435,39.88900442747399,40.24310272652656,40.59270992362872,40.77381342276931,41.12536052195355,41.478786321822557,41.82836841978133,42.18448691815138,42.35825121914968,42.89061591634527,43.41678031301126,43.77407921012491,45.53787949914113,45.888795698061588,46.24205209873617,46.41742949746549,46.77373579563573,47.1268554944545,47.47678619297221,47.82972159050405,48.00396588956937,48.53524838760495,49.06856908556074,49.4210548857227,49.773535083048049,49.95011208206415,50.30140087986365,50.655069675762209,50.829668573569509,51.35703836847097,51.88830136554316,52.77161015942693,52.94908985868096,53.124803758691999,53.30060735857114,53.47810195712373,53.653231555595997,54.182923851534727,54.713404149748388,56.15530524030328,56.509260839316997,58.449971831869337,58.62167583126575,58.97472062893212,59.32769922632724,60.38706012489274,60.56739992368966,61.7689003162086,61.948885215912017,62.124864814803007,62.65678381128237,63.180374009069058,63.53378660790622,64.06753420643509,64.59780880250037,64.94754900131375,66.88614989398048,67.06497869314626,67.42046949174255,67.768547589425,69.71516717644409,69.88693687552586,70.24315047636628,70.59674947429449,72.53371636196971,72.7153232623823,73.06444346066565,73.42032595910132,74.47700495272875,74.82972515141592,75.35915204836056,75.88985494710505,76.24101144401357,78.71415193425492,79.06475323345512,81.00940892240033,81.18261972162873,81.53405121900141,81.88716361671686,82.94919730862603,83.12709980690852,84.36144410446286,84.53423170372844,84.71334020188078,85.24305249890313,85.77324549574405,86.12211899273098,86.65332799078897,87.18509328644723,87.53791288565845,89.47967937961221,89.65606147935614,90.00949347903952,90.35948167787865,92.29798217024654,92.47886926867068,92.82756566721946,93.18590816762299,95.12695475947112,95.30216575833038,95.65711825666949,96.00513835577294,97.0653846510686,97.41941445041448,97.9496312472038,98.48006004607305,98.83305194647983,101.65311363339424,102.35837632976473,103.421301423572,103.77312892256305,103.94819122040644,104.12344562076032,104.29998442111537,104.47899352107197,105.1839078227058,107.30350911151618,108.00631210766733,109.06316330377013,109.42121360218153,109.59353610128165,109.76875070016831,109.94834389910102,110.12711549829692,110.82849379396066,112.94874028116465,113.65451607853174,114.70966097619385,115.06592957535759,115.4183603739366,115.77171786967665,116.47775706788525,117.18495726631955,117.88839896209538,118.59746295958758,120.00585865136236,121.06765925092623,121.41664755158127,122.12445224868134,122.8323535467498,123.53499003965408,124.24131073942408,124.77000393718481,125.65370133146644,126.18071782868356,127.06563942693174,127.59579832525924,128.12583482265473,128.47865732153879,128.8318137191236,129.18592461710797,129.53761101467536,130.24482421018184,130.5952078094706,130.94967240886764,131.12710380833597,131.47758100833745,131.83284950861708,132.1860366067849,132.53407160611824,132.7106268047355,133.2408831003122,133.77052999660374,134.125854795333,135.88773668464274,136.23972718417645,136.5941581823863,136.77154228184373,137.12546247895808,137.47593747731299,137.83117367513479,138.18593727331609,138.3619237728417,138.89033427042888,139.41556296870113,139.77004926698283,141.5360376597382,141.88643846055494,142.24487635912375,142.41599785909058,142.76866015791894,143.124095056206,143.47552565624938,143.83269365504385,144.00424405466766,144.535382153932,145.06758805317805,145.41662335209549,145.77039275038988,145.94744544895367,146.3024403466843,146.65147174708546,146.8286748463288,147.35802034288646,147.8863203418441,148.7736790399067,148.94943973841147,149.1257343380712,149.30355473794044,149.47665833728389,149.65487533668057,150.1856150329113,150.71444583078847,152.8288946216926,153.18576581962408,153.53513071825729,153.71434661746026,154.06828741682694,154.41622571647168,154.7737579154782,155.12523741461338,155.30240881443025,155.8320662113838,156.36179600842298,156.71524400869385,158.4754082984291,158.8277224972844,159.1839974950999,159.35809989413247,159.71069709118457,160.0665723909624,160.41940088756383,160.77325518615545,160.94884788617493,161.47835698537529,162.00598938344047,162.35669328272344,164.1242489744909,164.47591217048467,164.83058416843415,165.00646806834267,165.36077186558397,165.71205616369844,166.06743506295607,166.42149436101318,166.59997625974939,167.12172535900027,167.65376785583795,168.00950495479629,168.359467853792,168.53622455289588,168.88822415005417,169.24143465003,169.41559945000336,169.94857394741849,170.47956324368716,171.35908704204486,171.53346624178813,171.71209334069864,171.88836293993519,172.06819623941557,172.24719823990018,172.77183433668689,173.29991263663397],"notes":[{"note":1,"octave":5},{"note":1,"octave":6},{"note":11,"octave":5},{"note":10,"octave":5},{"note":8,"octave":5},{"note":6,"octave":5},{"note":8,"octave":5},{"note":6,"octave":5},{"note":6,"octave":5},{"note":5,"octave":5},{"note":3,"octave":5},{"note":5,"octave":5},{"note":1,"octave":5},{"note":1,"octave":6},{"note":11,"octave":5},{"note":10,"octave":5},{"note":8,"octave":5},{"note":6,"octave":5},{"note":8,"octave":5},{"note":10,"octave":5},{"note":10,"octave":5},{"note":8,"octave":5},{"note":6,"octave":5},{"note":8,"octave":5},{"note":1,"octave":5},{"note":1,"octave":6},{"note":11,"octave":5},{"note":10,"octave":5},{"note":8,"octave":5},{"note":6,"octave":5},{"note":8,"octave":5},{"note":6,"octave":5},{"note":6,"octave":5},{"note":5,"octave":5},{"note":3,"octave":5},{"note":5,"octave":5},{"note":11,"octave":5},{"note":10,"octave":5},{"note":8,"octave":5},{"note":6,"octave":5},{"note":6,"octave":5},{"note":8,"octave":5},{"note":10,"octave":5},{"note":10,"octave":5},{"note":11,"octave":5},{"note":10,"octave":5},{"note":8,"octave":5},{"note":6,"octave":5},{"note":6,"octave":5},{"note":8,"octave":5},{"note":6,"octave":5},{"note":1,"octave":5},{"note":1,"octave":6},{"note":11,"octave":5},{"note":10,"octave":5},{"note":8,"octave":5},{"note":6,"octave":5},{"note":8,"octave":5},{"note":6,"octave":5},{"note":6,"octave":5},{"note":5,"octave":5},{"note":3,"octave":5},{"note":5,"octave":5},{"note":1,"octave":5},{"note":1,