{"songId":"OnTheSeaside","beatNoteIndexes":[0,10,9,7,5,3,6,4,3,2,1,2,0,10,9,8,5,4,6,7,8,5,3,6,0,10,9,7,5,4,6,3,4,2,1,2,9,8,5,3,4,6,7,8,9,7,5,3,4,6,3,0,10,9,8,5,4,6,3,4,2,1,2,0,10,9,7,5,3,6,8,7,5,4,6,0,10,9,8,5,3,6,4,3,2,1,2,9,7,5,4,3,6,8,7,9,8,5,4,3,6,4,0,10,10,11,9,7,5,8,3,6,7,5,8,9,7,11,10,10,11,9,8,9,10,7,6,8,9,5,4,1,3,6,2,4,0,10,10,11,9,7,5,8,3,6,7,5,8,9,7,11,10,10,11,9,8,9,10,7,6,8,9,5,4,1,3,6,2,4,3,4,3,10,9,7,5,6,5,4,3,4,10,9,10,11,6,5,3,4,3,9,10,11,10,9,8,7,6,1,4,5,8,9,3,4,3,4,3,4,6,2,5,9,10,0,10,9,7,6,3,5,4,3,2,1,2,0,10,9,8,6,4,5,7,8,6,3,5,0,10,9,7,6,4,5,3,4,2,1,2,9,8,6,3,4,5,7,8,9,7,6,3,4,5,3,0,10,9,8,6,4,5,3,4,2,1,2,0,10,9,7,6,3,5,8,7,6,4,5,0,10,9,8,6,3,5,4,3,2,1,2,9,7,6,4,3,5,8,7,9,8,6,4,3,5,4],"beatTimeStamps":[11.65310360933654,12.003912308020518,12.357535607879982,12.535397607833147,12.88883200660348,13.241971204988659,13.594442406203598,13.945544906426222,14.123636805219576,14.651918306015432,15.182436704169959,15.534066702704877,17.299487707205118,17.65399450599216,18.005645405501129,18.189907404594125,18.534935401985423,18.888619502540679,19.248907304368914,19.592852904461325,19.857113505946474,20.300619007321076,20.82861190615222,21.18226850614883,22.946775204502047,23.29853270482272,23.652553903404625,23.82760220230557,24.182779903057964,24.53764740470797,24.886742804432289,25.24185490445234,25.418432004982607,25.947785505093635,26.474324203794823,26.82767530414276,27.182772103929893,27.359457003185527,27.712576102698223,28.06253660400398,28.239989703986795,28.770432104589419,29.298297005007045,30.186389208072798,30.358466907637195,30.534138607094066,30.712167407618837,30.88845400698483,31.064473507460208,31.592171007068829,32.12399240559898,34.24101940845139,34.59441391029395,34.94504290889017,35.12330530770123,35.47754010744393,35.82870150660165,36.18117360561155,36.53455830621533,36.70976650598459,37.23925880366005,37.76978400419466,38.12135590519756,39.88698990386911,40.23981080390513,40.59419850399718,40.76962530286983,41.12251480249688,41.47620270284824,41.829601301578808,42.18094030069187,42.35746260196902,42.88887870172039,43.41815080214292,43.76949760108255,45.53553929855116,45.88702499913052,46.24247249867767,46.41734450054355,46.76911220047623,47.12315130280331,47.47704710275866,47.82804030366242,48.00635550310835,48.53531140321866,49.06371140270494,49.41683770297095,49.76891510235146,49.94583670212887,50.29850070318207,50.652360804146159,50.8275042027235,51.35888920421712,51.88698880420998,52.76867010514252,52.945185105782,53.12258790526539,53.29864430380985,53.479099303949627,53.6636157031171,54.18035310343839,54.71063600224443,56.15317959943786,56.50639159884304,58.445168098201978,58.62173029733822,58.97518989746459,59.32720989827067,60.38712429930456,60.564498799154538,61.7694349992089,61.955119700403887,62.13270870037377,62.651990002486858,63.180520901689309,63.535037303343418,64.06422250298783,64.59414500067942,64.94697320158594,66.88614840083756,67.06337100011297,67.42235099920072,67.7702519975137,69.7137511940673,69.89615589450114,70.23937789606862,70.59618929470889,72.53504109964706,72.7111811004579,73.06580090266653,73.41582160186954,74.47496000444517,74.8289462029934,75.35927520296537,75.88746510306373,76.24116090242751,78.70974870189093,79.06450320151635,81.00373879936524,81.18258419819176,81.53593389829621,81.88605549861677,82.94536340073683,83.12263670144603,84.35869610356167,84.53378550359048,84.71317960275337,85.24065820267424,85.77401680266485,86.12243480188772,86.65093600261025,87.1824110019952,87.53361100237817,89.47569260420278,89.65325550478883,90.01262110308744,90.35890340199694,92.29921760363504,92.47514940309338,92.82750570285134,93.18124270369299,95.12390560354106,95.29811130347662,95.65195690304972,96.00599810527638,97.0635868057143,97.41700340434909,97.94728500558995,98.47519500670023,98.8296774069313,101.65191040141508,102.35731720272452,103.41627640090883,103.77052260213532,103.95007690251805,104.12241810257547,104.29851720365696,104.475179503439,105.1805018025916,107.29841250553727,108.00472020520829,109.06275040702895,109.41708830790594,109.59203430777416,109.76965450774878,109.9452771069482,110.12330620829016,110.82742900797166,112.94728850619868,113.65218770690263,114.7109141072724,115.06252160668373,115.41879960522056,115.76946670468897,116.48055520351045,117.18267100374215,117.888141206,118.60306950402446,120.00412580231205,121.06449340260588,121.41824430297129,122.12215250101872,122.82833529962227,123.5336658009328,124.2410941994749,124.7709377987776,125.65092339762487,126.18158770003356,127.0645732008852,127.59260699967854,128.12199890124612,128.47573290090078,128.82730950042606,129.1803038015496,129.5354483020492,130.2399545025546,130.59284690441565,130.94539380376228,131.12290910282173,131.47500960202889,131.82722390280106,132.1809394028969,132.53315090411344,132.71206090413035,133.23947230353952,133.7702632045839,134.1222122043837,135.88872920232826,136.2403625031002,136.59408400324174,136.76989860204049,137.12317090155558,137.4774589019362,137.83044910267928,138.18318740301766,138.35702100303025,138.88731400249527,139.41547560319305,139.7683884035796,141.53532460308635,141.88875680300408,142.2478775002528,142.41545680025593,142.82155280187727,143.12319570151159,143.47573030018249,143.82894120016136,144.00496799894609,144.53544869972394,145.06274440186099,145.42555250157603,145.77093000081369,145.94547900091858,146.29872860061006,146.65359080047348,146.83075770153665,147.35724879987539,147.8895028992556,148.76897709909827,148.9572058992926,149.12378049828113,149.29990109801293,149.4746921986807,149.65199919883163,150.18211879767478,150.71156839560718,152.82940609869548,153.18272769800388,153.53346699872055,153.71059129876086,154.0757322984282,154.4178417986259,154.76841999962927,155.13609689986334,155.30004930007272,155.827444603201,156.35852980427445,156.71012330474333,158.47488180571237,158.82912790495903,159.18234600569122,159.3569354058709,159.71194680710324,160.06525870529004,160.41733530722559,160.76893930905499,160.94547280832195,161.47658490738832,162.0052399088163,162.35757200792433,164.1223802093882,164.4745715088211,164.82971820724198,165.01245290739463,165.35817930544727,165.71123120491394,166.06395030394197,166.41551220277325,166.5936699011363,167.12220180220903,167.65287980553695,168.01301230490209,168.3589602042921,168.53359340387397,168.88615560345353,169.24021300347523,169.42073220317253,169.94738880335354,170.47682050359436,171.35803530411796,171.53527890425176,171.7102094052825,171.88688030536287,172.0652153037954,172.24131010379643,172.7702901060693,173.30053070676514],"notes":[{"note":1,"octave":5},{"note":1,"octave":6},{"note":11,"octave":5},{"note":10,"octave":5},{"note":8,"octave":5},{"note":6,"octave":5},{"note":8,"octave":5},{"note":6,"octave":5},{"note":6,"octave":5},{"note":5,"octave":5},{"note":3,"octave":5},{"note":5,"octave":5},{"note":1,"octave":5},{"note":1,"octave":6},{"note":11,"octave":5},{"note":10,"octave":5},{"note":8,"octave":5},{"note":6,"octave":5},{"note":8,"octave":5},{"note":10,"octave":5},{"note":10,"octave":5},{"note":8,"octave":5},{"note":6,"octave":5},{"note":8,"octave":5},{"note":1,"octave":5},{"note":1,"octave":6},{"note":11,"octave":5},{"note":10,"octave":5},{"note":8,"octave":5},{"note":6,"octave":5},{"note":8,"octave":5},{"note":6,"octave":5},{"note":6,"octave":5},{"note":5,"octave":5},{"note":3,"octave":5},{"note":5,"octave":5},{"note":11,"octave":5},{"note":10,"octave":5},{"note":8,"octave":5},{"note":6,"octave":5},{"note":6,"octave":5},{"note":8,"octave":5},{"note":10,"octave":5},{"note":10,"octave":5},{"note":11,"octave":5},{"note":10,"octave":5},{"note":8,"octave":5},{"note":6,"octave":5},{"note":6,"octave":5},{"note":8,"octave":5},{"note":6,"octave":5},{"note":1,"octave":5},{"note":1,"octave":6},{"note":11,"octave":5},{"note":10,"octave":5},{"note":8,"octave":5},{"note":6,"octave":5},{"note":8,"octave":5},{"note":6,"octave":5},{"note":6,"octave":5},{"note":5,"octave":5},{"note":3,"octave":5},{"note":5,