{"songId":"PalmBreeze","beatNoteIndexes":[0,1,0,1,0,1,0,1,2,2,0,1,0,1,0,1,0,1,2,2,0,1,0,1,0,1,2,0,1,2,2,0,1,0,1,0,1,2,0,1,2,2,0,1,0,1,0,1,0,2,2,1,0,1,0,1,0,2,2,1,0,1,0,1,0,2,2,1,0,1,0,1,0,2,2,1,0,1,0,1,2,0,1,0,1,2,2,0,1,0,1,0,1,0,1,0,2,1,0,1,0,2,1,0,1,0,2,2,1,0,1,0,1,0,1,0,1,2,0,2,1,0,1,2,2,2,0,2,1,0,2,1,0,2,2,1,0,2,1,0,1,2,2,2,0,2,1,0,2,1,0,2,2,1,0,1,0,1,0,1,0,1,0,1,0,1,0,1,0,2,2,1,0,1,0,1,0,1,0,2,2,1,0,1,0,1,0,1,2,2,0,1,0,1,0,1,2,2,0,1,0,1,0,1,2,2,0,1,0,1,0,1,2,2,0,1,0,1,0,1,0,2,2,1,0,1,0,1,0,1,0,2,2,1,0,1,0,1,0,2,1,0,2,2,1,0,1,0,1,0,2,1,0,2,2,1,0],"beatTimeStamps":[10.039093086495996,10.350952189415694,10.685021387413144,11.345342284068466,12.022346887737513,12.685411984100938,13.356423482298851,14.016665482893587,14.702318886294961,15.023381885141135,15.349344983696938,15.523458782583475,16.01934648118913,16.675345480442048,17.348462477326394,18.007011380046607,18.67543967999518,19.35433778166771,20.01646798849106,20.354470090940596,20.67380108870566,20.84720908664167,21.353088587522508,22.01267408579588,22.69046168588102,23.356004988774659,23.51091268658638,24.015666188672186,24.689353689551355,25.350346690043808,25.690023988485338,26.018359383568169,26.18287168070674,26.680540775880219,27.34620357863605,28.016269074752928,28.68019617162645,28.85486547090113,29.35154856927693,30.012869372963907,30.68387276865542,31.02019996754825,31.35119996778667,31.511296067386867,32.01652886532247,32.68952966295183,34.007525062188509,34.679871164262298,35.35654346831143,36.35087246261537,36.68753026239574,37.0098731610924,37.34752825833857,38.68887696042657,39.347868256270889,40.023871159181,41.02119695581496,41.674979057163,42.01451775804162,42.34986035712063,42.67720105685294,43.35354275256395,44.686227560043338,45.34585325978696,46.0071952547878,47.01687954738736,47.3548644464463,47.6752067450434,48.01385624706745,49.3538676481694,50.01220595277846,50.68686365522444,51.680532144382599,52.35619214735925,52.687442645430568,53.01395324617624,53.350431345403197,53.512446945533159,54.354693645611408,54.5291862487793,55.348869347944859,56.01889704912901,56.17586874961853,57.016535146161917,57.18545844592154,57.68261824734509,58.34613064490259,58.68867374397814,58.841117745265368,59.6832326464355,59.85514134541154,60.68702604435384,60.8562689460814,61.350346041843298,62.00947404280305,62.684133145958188,63.342384446412328,64.01650254800916,64.18563424795866,65.01681454665959,65.18640494532883,66.02114904485643,66.67789274640382,66.85043184645474,67.67477334290743,67.8457636423409,68.34841074049473,69.01168104074896,69.35342423990369,69.52174414135516,70.35242083854974,70.50995613820851,71.35342973656953,71.52372093498707,72.02142303809524,72.67484993860126,73.34655553847552,74.02325123362243,74.68843973428011,75.34341193176806,76.01173172704876,76.52173722907901,77.34940133057535,78.01240002736449,78.68954563327134,79.18027873523534,80.00741243362427,80.68039293400943,81.35540222749114,81.85039643011987,82.35539183393121,82.67739463411272,83.35415633767843,84.01641243696213,84.5225459355861,85.0204233340919,85.3563940282911,86.02078841999173,86.68118681944907,87.18840551562607,88.0203922111541,88.67939840629697,89.34240140765906,89.85172660462558,90.6854037065059,91.34792350977659,92.00818741135299,92.52206100523472,93.01246220432222,93.35141850076616,94.01252079568804,94.67450269311667,95.18540269695223,95.6796889975667,96.00740669481456,98.35651858709753,98.6775148846209,101.01006058044732,101.34407268092036,103.683737475425,104.02067947015166,106.0094758681953,106.35252626426518,106.67647806555033,107.34173016436398,108.0128134638071,108.68885496072471,109.34807736240328,110.01114506274462,110.68614815920592,111.00952545925975,111.35139225237072,111.51293755322695,112.00819395110011,112.68707174994052,113.346187049523,114.01172584854067,114.68847334943712,115.34838284738362,116.02346744760871,116.34751544706524,116.68553584814072,116.84364614635706,117.34153554588556,118.01850174739957,119.3524623401463,120.01772563904524,120.67473983764649,121.69050313346088,122.01214432902634,122.3535251263529,122.67407653108239,123.34850103594363,124.68407384492457,125.35740954056382,126.02243574149907,127.02146144397557,127.34248084016144,127.68218013830483,128.01955113746227,128.67506534047426,130.01150702871383,130.67573983035983,131.35305972397328,132.34339933097363,132.67548163235188,133.01073263399304,133.34158772975207,134.00792193040253,135.34858733043076,136.01492793299259,136.67892453074456,137.6839316263795,138.01300252974034,138.3522615302354,138.6772601287812,139.35658203065396,140.01705933362246,140.67625083215536,141.35192043334247,142.0082512293011,142.67425663024188,143.02000313065947,143.34192712977529,143.5101808309555,144.0219290331006,144.68791973404587,145.3529225382954,146.01104574091733,146.68492533825339,147.34737524017693,148.02192664332689,148.34791334345938,148.68659394048155,148.8436493407935,149.35497314296664,150.0189208406955,150.68491554446519,151.35491224192084,151.5091372411698,152.00858433917166,152.68604633957149,153.34625993482769,153.6860466375947,154.00891833938659,154.18442203849555,154.6759297400713,155.35293094813825,156.0213830396533,156.68693114444614,156.84194524213673,157.35293073952199,158.0106771402061,158.68193113431335,159.01758203469218,159.35001163184644,159.51892343349756],"notes":[{"note":2,"octave":5},{"note":2,"octave":5},{"note":2,"octave":5},{"note":2,"octave":5},{"note":2,"octave":5},{"note":2,"octave":5},{"note":2,"octave":5},{"note":2,"octave":5},{"note":4,"octave":5},{"note":4,"octave":5},{"note":2,"octave":5},{"note":2,"octave":5},{"note":2,"octave":5},{"note":2,"octave":5},{"note":2,"octave":5},{"note":2,"octave":5},{"note":2,"octave":5},{"note":2,"octave":5},{"note":4,"octave":5},{"note":4,"octave":5},{"note":2,"octave":5},{"note":2,"octave":5},{"note":2,"octave":5},{"note":2,"octave":5},{"note":2,"octave":5},{"note":2,"octave":5},{"note":4,"octave":5},{"note":2,"octave":5},{"note":2,"octave":5},{"note":4,"octave":5},{"note":4,"octave":5},{"note":2,"octave":5},{"note":2,"octave":5},{"note":2,"octave":5},{"note":2,"octave":5},{"note":2,"octave":5},{"note":2,"octave":5},{"note":4,"octave":5},{"note":2,"octave":5},{"note":2,"octave":5},{"note":4,"octave":5},{"note":4,"octave":5},{"note":2,"octave":5},{"note":2,"octave":5},{"note":2,"octave":5},{"note":2,"octave":5},{"note":2,"octave":5},{"note":2,"octave":5},{"note":2,"octave":5},{"note":4,"octave":5},{"note":4,"octave":5},{"note":2,"octave":5},{"note":2,"octave":5},{"note":2,"octave":5},{"note":2,"octave":5},{"note":2,"octave":5},{"note":2,"octave":5},{"note":4,"octave":5},{"note":4,"octave":5},{"note":2,"octave":5},{"note":2,"octave":5},{"note":2,"octave":5},{"note":2,"octave":5},{"note":2,"octave":5},{"note":2,"octave":5},{"note":4,"octave":5},{"note":4,"octave":5},{"note":2,"octave":5},{"note":2,"octave":5},{"note":2,"octave":5},{"note":2,"octave":5},{"note":2,"octave":5},{"note":2,"octave":5},{"note":4,"octave":5},{"note":4,"octave":5},{"note":2,"octave":5},{"note":2,"octave":5},{"note":2,"octave":5},{"note":2,"octave":5},{"note":2,"octave":5},{"note":4,"octave":5},{"note":2,"octave":5},{"note":2,"octave":5},{"note":2,"octave":5},{"note":2,"octave":5},{"note":4,"octave":5},{"note":4,"octave":5},{"note":2,"octave":5},{"note":2,"octave":5},{"note":2,"octave":5},{"note":2,"octave":5},{"note":2,"octave":5},{"note":2,"octave":5},{"note":2,"octave":5},{"note":2,"octave":5},{"note":2,"octave":5},{"note":4,"octave":5},{"note":2,"octave":5},{"note":2,"octave":5},{"note":2,"octave":5},{"note":2,"octave":5},{"note":4,"octave":5},{"note":2,"octave":5},{"note":2,"octave":5},{"note":2,"octave":5},{"note":2,"octave":5},{"note":4,"octave":5},{"note":4,"octave":5},{"note":2,"octave":5},{"note":2,"octave":5},{"note":2,"octave":5},{"note":2,"octave":5},{"note":2,"octave":5},{"note":2,"octave":5},{"note":2,"octave":5},{"note":2,"octave":5},{"note":2,"octave":5},{"note":4,"octave":5},{"note":2,"octave":5},{"note":4,"octave":5},{"note":2,"octave":5},{"note":2,