{"songId":"PalmBreeze","beatNoteIndexes":[0,1,0,1,0,1,0,1,2,2,0,1,0,1,0,1,0,1,2,2,0,1,0,1,0,1,2,0,1,2,2,0,1,0,1,0,1,2,0,1,2,2,0,1,0,1,0,1,0,2,2,1,0,1,0,1,0,2,2,1,0,1,0,1,0,2,2,1,0,1,0,1,0,2,2,1,0,1,0,1,2,0,1,0,1,2,2,0,1,0,1,0,1,0,1,0,2,1,0,1,0,2,1,0,1,0,2,2,1,0,1,0,1,0,1,0,1,2,0,2,1,0,1,2,2,2,0,2,1,0,2,1,0,2,2,1,0,2,1,0,1,2,2,2,0,2,1,0,2,1,0,2,2,1,0,1,0,1,0,1,0,1,0,1,0,1,0,1,0,2,2,1,0,1,0,1,0,1,0,2,2,1,0,1,0,1,0,1,2,2,0,1,0,1,0,1,2,2,0,1,0,1,0,1,2,2,0,1,0,1,0,1,2,2,0,1,0,1,0,1,0,2,2,1,0,1,0,1,0,1,0,2,2,1,0,1,0,1,0,2,1,0,2,2,1,0,1,0,1,0,2,1,0,2,2,1,0],"beatTimeStamps":[10.02082277648151,10.351296678185463,10.683986572548747,11.367205671966076,12.013736369088293,12.683715166524053,13.350218264386058,14.011518463492394,14.681160463020206,15.010496260598302,15.352424262091518,15.518272461369634,16.01046396046877,16.68268395960331,17.346661461517216,18.02750445343554,18.679429449141027,19.35831744596362,20.038483146578075,20.35443874448538,20.701396144926549,20.87357634305954,21.36865544319153,22.02453394792974,22.695767045021058,23.361086945980789,23.507848344743253,24.008846141397954,24.6869093477726,25.340746046975256,25.674674345180394,26.02438434585929,26.17598534375429,26.695641545578839,27.347772553563119,28.014779152348639,28.694259151816369,28.86692015454173,29.3403367549181,30.026122653856875,30.68124025501311,31.03668785467744,31.37874185293913,31.54008405469358,32.01404876075685,32.69084566086531,34.00849345698953,34.675616558641198,35.34220796264708,36.34698995761573,36.68149155378342,37.01318875141442,37.355385448783639,38.68242735415697,39.352324249222878,40.009741051122549,41.0240261554718,41.683925561606887,42.02095285989344,42.35749105922878,42.73523126356304,43.36132896505296,44.70833087339997,45.34202307835221,46.01518698222935,47.02748057246208,47.356672475114468,47.68472947180271,48.06531507149339,49.34384417720139,50.04226737469435,50.685997074469927,51.71193877607584,52.352142384275797,52.68172878213227,53.009540082886818,53.35807017982006,53.53678157925606,54.34198748320341,54.53134808316827,55.343585981056097,56.013360576704148,56.2180055771023,57.01834007911384,57.203549982979897,57.695007883012298,58.36280807480216,58.69315347075462,58.84964147210121,59.68576747365296,59.8690832760185,60.686913477256897,60.85977487452328,61.35649508051574,62.02227287739515,62.714219473302367,63.351141173392537,64.00700497254729,64.21644707024098,65.03045567497611,65.19260957464576,66.02049447596073,66.68073157779873,66.86962187848985,67.69073087535799,67.86135977506638,68.35466437414289,69.01752177812159,69.34765687212348,69.52020736970008,70.34736217185855,70.52560796961189,71.35245516896248,71.51840037293732,72.00701247155667,72.69256627373398,73.34594747796655,74.0186488777399,74.6786399781704,75.35387447848916,76.01572727411986,76.50838666968048,77.35468937084079,78.01499847508967,78.69401447288692,79.17404706962407,80.01838766410947,80.68784656375647,81.35398106649518,81.86300586350262,82.35483736172319,82.72414476238191,83.34570625796914,84.02041325345636,84.52532585151494,85.01974395103753,85.353815253824,86.02506765723229,86.68402795493603,87.20016485638917,88.02305845916271,88.68067455478013,89.35415256023407,89.85408125445247,90.6830478515476,91.36433765105903,92.01853985711932,92.51750105060637,93.01807914860547,93.35918174684048,94.02039203979075,94.69646693579853,95.18050843290985,95.68346332758665,96.01189682632685,98.3486196231097,98.6765503231436,101.0132424198091,101.35471881739795,103.68170802854002,104.01834003068507,106.01893421821296,106.3482279162854,106.67514491453767,107.34742131084204,108.01572831533849,108.68532982096076,109.35345782153309,110.01899541914463,110.67825401760638,111.02031201682985,111.35636081919074,111.51460881717503,112.01039021834731,112.67415962181986,113.38351462222636,114.02578651718796,114.67367791756988,115.34404671564698,116.00712511129678,116.34062711335719,116.67928221262992,116.85490460880101,117.35581231303513,118.01081050559879,119.34515319764614,120.02492249757052,120.68930660001934,121.68317919410765,122.01776119694114,122.34705909900367,122.68910859897733,123.35566120408476,124.69049140065909,125.34648930467665,126.01749511063099,127.02575141750276,127.34757731296122,127.72474900446832,128.024552103132,128.67648670263589,130.0127903930843,130.691909795627,131.35771869122983,132.34253578446806,132.6778469849378,133.0110481865704,133.36120099015535,134.02085408754648,135.34056928381325,136.01928498595954,136.67487578839065,137.6826449893415,138.03014438599349,138.34300508722664,138.70650898851455,139.3556582853198,140.0210529845208,140.68592518381775,141.34221088141204,142.01466497965158,142.6973214801401,143.01788918301464,143.34233777970077,143.51464357972146,144.02174168080092,144.69858008623124,145.34651378542186,146.02352048642934,146.68674679100514,147.34963939711452,148.0115520991385,148.34931460022927,148.6777533032,148.84737450443209,149.3558438066393,150.0145243089646,150.68567700870336,151.34346980974079,151.5406974107027,152.02197460643948,152.68410030566157,153.34770260378719,153.68359979987145,154.02507689967752,154.1921130027622,154.69490269757808,155.3549043983221,156.0181686989963,156.67456480115653,156.85333300195635,157.4029633011669,158.006998302415,158.6743088029325,159.0137124992907,159.3469187989831,159.5260195992887],"notes":[{"note":2,"octave":5},{"note":2,"octave":5},{"note":2,"octave":5},{"note":2,"octave":5},{"note":2,"octave":5},{"note":2,"octave":5},{"note":2,"octave":5},{"note":2,"octave":5},{"note":4,"octave":5},{"note":4,"octave":5},{"note":2,"octave":5},{"note":2,"octave":5},{"note":2,"octave":5},{"note":2,"octave":5},{"note":2,"octave":5},{"note":2,"octave":5},{"note":2,"octave":5},{"note":2,"octave":5},{"note":4,"octave":5},{"note":4,"octave":5},{"note":2,"octave":5},{"note":2,"octave":5},{"note":2,"octave":5},{"note":2,"octave":5},{"note":2,"octave":5},{"note":2,"octave":5},{"note":4,"octave":5},{"note":2,"octave":5},{"note":2,"octave":5},{"note":4,"octave":5},{"note":4,"octave":5},{"note":2,"octave":5},{"note":2,"octave":5},{"note":2,"octave":5},{"note":2,"octave":5},{"note":2,"octave":5},{"note":2,"octave":5},{"note":4,"octave":5},{"note":2,"octave":5},{"note":2,"octave":5},{"note":4,"octave":5},{"note":4,"octave":5},{"note":2,"octave":5},{"note":2,"octave":5},{"note":2,"octave":5},{"note":2,"octave":5},{"note":2,"octave":5},{"note":2,"octave":5},{"note":2,"octave":5},{"note":4,"octave":5},{"note":4,"octave":5},{"note":2,"octave":5},{"note":2,"octave":5},{"note":2,"octave":5},{"note":2,"octave":5},{"note":2,"octave":5},{"note":2,"octave":5},{"note":4,"octave":5},{"note":4,"octave":5},{"note":2,"octave":5},{"note":2,"octave":5},{"note":2,"octave":5},{"note":2,"octave":5},{"note":2,"octave":5},{"note":2,"octave":5},{"note":4,"octave":5},{"note":4,"octave":5},{"note":2,"octave":5},{"note":2,"octave":5},{"note":2,"octave":5},{"note":2,"octave":5},{"note":2,"octave":5},{"note":2,"octave":5},{"note":4,"octave":5},{"note":4,"octave":5},{"note":2,"octave":5},{"note":2,"octave":5},{"note":2,"octave":5},{"note":2,"octave":5},{"note":2,"octave":5},{"note":4,"octave":5},{"note":2,"octave":5},{"note":2,"octave":5},{"note":2,"octave":5},{"note":2,"octave":5},{"note":4,"octave":5},{"note":4,"octave":5},{"note":2,"octave":5},{"note":2,"octave":5},{"note":2,"octave":5},{"note":2,"octave":5},{"note":2,"octave":5},{"note":2,"octave":5},{"note":2,"octave":5},{"note":2,"octave":5},{"note":2,"octave":5},{"note":4,"octave":5},{"note":2,"octave":5},{"note":2,"octave":5},{"note":2,"octave":5},{"note":2,"octave":5},{"note":4,"octave":5},{"note":2,"octave":5},{"note":2,"octave":5},{"note":2,"octave":5},{"note":2,"octave":5},{"note":4,"octave":5},{"note":4,"octave":5},{"note":2,"octave":5},{"note":2,"octave":5},{"note":2,"octave":5},{"note":2,"octave":5},{"note":2,"octave":5},{"note":2,"octave":5},{"note":2,"octave":5},{"note":2,"octave":5},{"note":2,"octave":5},{"note":4,"octave":5},{"note":2,"octave":5},{"note":4,"octave":5},{"note":2,"octave":5},{"note":2,