{"songId":"SizzlingHeat","beatNoteIndexes":[0,1,0,1,2,0,1,0,1,2,0,1,0,1,2,0,1,0,1,2,0,2,1,0,1,0,2,1,0,1,0,1,0,1,2,0,1,0,1,2,0,1,0,1,0,1,0,1,2,0,1,0,1,0,1,0,2,1,0,1,0,2,1,2,0,1,0,1,0,2,1,0,1,0,2,1,0,1,0,1,0,1,2,0,1,0,1,2,0,2,1,0,1,0,1,2,0,1,0,2,1,0,1,0,1,2,0,2,2,2,1,0,2,1,0,1,0,2,1,0,1,0,1,0,1,2,0,1,0,1,0,2,1,2,2,2,0,1,2,0,1,0,1,2,0,1,0,1,0,1,0,1,2,0,1,0,1,0,1,0,2,1,0,1,0,2,1,2,0,1,0,1,0,2,1,0,1,0,2,1,0,1,0,1,0,1,2,0,1,0,1,2,0,2,1,0,1,0,1,2,0,1,0,1,0,1,0,1,0,2,1,0,1,0,1,0,1,0,1,2,0,1,0,1,0,1,0,1,0,2,1,0,1,0,1,0,1,0,1,2,0,1,0,1,0,2,1,0,1,0,1,0,1,2,0,1,0,1,2,0,2,1,0,1,0,1,2,0,1,0,1,2,0,1,0,1,0,1,0,2,1,0,1,0,2,1,2,0,1,0,1,0,2,1,0,1,2,0,1,0,1,2,0,1,0,1,0,1,0,2,1,0,1,0,2,1,0,1,0,1,0,1,0,1,0,2,1,0,1,0,2,1,0,1,0,2,1,0,1,0,2],"beatTimeStamps":[6.020008293911815,6.761022288352251,7.515373883768916,8.269507383927703,8.453762682154775,9.006834672763944,9.760843073949218,10.516298269852996,11.25706616602838,11.448725966736675,12.018395463004709,12.755383962765336,13.514052860438824,14.255064168944955,14.457060666754842,15.012051166966558,15.755391862243414,16.51495815627277,17.256069157272579,17.44206365570426,18.01117775402963,18.56905545666814,19.132057461887599,19.505057157948614,20.076729955151678,20.456049850210549,20.827048348262907,21.011650647968055,21.583056546747686,22.14106764830649,22.504181245341898,23.082058139145376,23.443177342414857,24.012060340493919,24.569406436756255,25.141055036336185,25.521659035235645,26.074171029031278,26.444722728803755,26.830049127340318,27.009094830602409,27.56918372772634,28.133063331246377,28.516617534682156,29.07807163335383,29.456716030836107,30.014371326193215,30.384173024445773,30.571577021852137,31.129736222326757,31.51773282699287,32.0727355312556,32.64106243290007,33.01768943108618,33.57005272805691,33.95471762865782,34.13984492793679,34.52042032778263,35.0770652256906,35.63786552473903,36.007892524823549,36.57774672470987,36.94722411967814,37.32773602195084,37.50568372011185,38.08307871595025,38.44404651224613,39.00740161165595,39.568064311519268,40.13438921049237,40.516404608264569,41.07205570302904,42.00906150229275,42.383144399151209,42.568603198975328,43.138053400442007,43.5177231002599,44.069958202540878,44.642382400110367,45.009382201358679,45.57113420218229,45.95706639997661,46.136067697778347,46.51586069539189,47.07305219210684,47.64566748961806,48.00400928966701,48.59851989150047,48.96284979023039,49.317064087837938,49.50704988837242,50.07535948976874,50.45488918945193,51.0170589890331,51.579050589352849,52.14635989069939,52.517021492123607,53.06964148953557,54.01272858865559,54.56915349327028,54.95206069201231,55.51305648684502,56.082151183858517,56.464756382629278,57.01548188365996,57.567804077640179,58.13060307689011,58.51650637574494,59.07706717401743,59.44640597328544,59.832102270796898,60.02325786836445,60.582064263522628,61.140052469447258,61.510718470439318,62.07847396656871,62.445390962064269,62.825846157968047,63.01100475713611,63.570749558508399,64.13805995881558,64.5120552610606,65.09069896116853,65.44622806273401,66.01621376350522,66.5808572601527,66.98437296040356,67.52003395929933,68.06819615699351,68.4547420591116,69.00616436079145,69.57916365377605,70.14517634920776,70.51470164768398,71.07504964061082,71.45303944125772,71.81966313906014,72.01889934204519,72.57916294410825,73.1343732457608,73.51939954422415,74.07405074127019,74.45171073824167,74.82304653525353,75.00652543641627,75.5827075317502,76.13669803366065,76.51281123422086,77.06994553655386,77.45403113588691,78.01016373187304,78.38107192516327,78.58106612414122,79.1434730309993,79.51871603354812,80.07852923311293,80.64404262974858,81.00512963160873,81.57072122953832,81.94843283109367,82.13205763325095,82.513307929039,83.07250452786684,83.63159812986851,84.00589913129807,84.57870773412287,84.9500422347337,85.32306163199246,85.5142619330436,86.0720375329256,86.45085793174803,87.00422703288496,87.5822979286313,88.14528542757035,88.50818042643368,89.06730222515762,90.00719132088125,90.38250091858208,90.57714291848242,91.1308300178498,91.5048333182931,92.0741868186742,92.6391721200198,93.01517102122307,93.56917631998658,93.94617122225464,94.14085811935365,94.50417551584542,95.07924251072109,95.64421411044896,96.0125765055418,96.57917700149119,96.94689510390163,97.31988770142198,97.50817810185254,98.0761693008244,98.45028680190444,99.01850820146501,99.57724189944566,100.14288719370961,100.50408009067178,101.06888878531754,102.38139159232378,102.75825419276953,103.88122588023544,104.2671720776707,105.38658046722412,105.7691935673356,106.89318006671965,107.08185956813395,107.44143686816097,107.82430737093091,108.38420467078686,108.7670790720731,109.88655167073012,110.26224877126515,111.39364096522331,111.76890856400132,112.50922786258161,112.70428506284952,113.08122846484184,113.2607959639281,114.38232186064124,114.76836005784571,115.89051605202258,116.25684295408428,117.39555195719004,117.77017435617745,118.88388915359974,119.0692405551672,119.44407365098596,119.82151624932885,120.41016945429146,120.76276065222919,121.88423874974251,122.27179464884103,123.39169445820153,123.76369795575738,124.5110201574862,124.69347915612161,125.06737525202334,125.25544824823737,125.63835724815726,126.0061156488955,126.38039084896445,126.60779165104032,127.13037014752627,127.51440684869886,128.0730364471674,128.6310409475118,129.01289524696768,129.5713659413159,129.95736123993994,130.14620943926276,130.51505633816124,131.07399513944984,131.63536133617164,132.00536263547839,132.58239653520287,132.95202733017505,133.3246734328568,133.5113451331854,134.07966753654183,134.45299843512476,135.01566853374244,135.57034163177014,136.14135032519699,136.50678972899915,137.08271262794734,138.02033532224596,138.39377962611617,138.56884842552246,139.1358674261719,139.50999832898379,140.0796734225005,140.6412878204137,141.0186637211591,141.57866951823235,141.94366592168809,142.15339322388173,142.51333122700454,143.0816647298634,143.64066162519158,144.0127162244171,144.57465802505613,144.9511456247419,145.32867622561754,145.52873372659088,146.07666602544487,146.44300442188979,147.02035672031344,147.572663417086,148.14681811630727,148.51467021740974,149.07432561554016,150.0083272140473,150.56878751143814,151.14166541211308,151.51066820695997,152.08132820762695,152.44351360201837,152.81832230091096,153.04052320495249,153.57866430096329,154.13585010170938,154.5179949980229,155.07665369287134,155.45033409632743,156.01666459441186,156.5729988925159,157.1386649981141,157.5144478008151,158.07933610118926,158.44434690475465,158.82165900804103,159.00560410879553,159.56689620763064,160.14291850477458,160.50971290655435,161.07033320702613,161.4447209071368,162.01998880691827,162.76266730576755,163.51399590447546,164.26166630722583,164.45399570651353,165.01319440454246,165.760001398623,166.5089954994619,167.26166589558125,167.44633109495045,168.0167495943606,168.75400388985873,169.50769168883563,170.26433678530158,170.45715978182853,171.01099047623576,171.7596663776785,172.50768327340485,173.26332527585329,173.47918988019229],"notes":[{"note":1,"octave":5},{"note":1,"octave":5},{"note":1,"octave":5},{"note":1,"octave":5},{"note":3,"octave":5},{"note":1,"octave":5},{"note":1,"octave":5},{"note":1,"octave":5},{"note":1,"octave":5},{"note":3,"octave":5},{"note":1,"octave":5},{"note":1,"octave":5},{"note":1,"octave":5},{"note":1,"octave":5},{"note":3,"octave":5},{"note":1,"octave":5},{"note":1,"octave":5},{"note":1,"octave":5},{"note":1,"octave":5},{"note":3,"octave":5},{"note":1,"octave":5},{"note":3,"octave":5},{"note":1,"octave":5},{"note":1,"octave":5},{"note":1,"octave":5},{"note":1,"octave":5},{"note":3,"octave":5},{"note":1,"octave":5},{"note":1,"octave":5},{"note":1,"octave":5},{"note":1,"octave":5},{"note":1,"octave":5},{"note":1,"octave":5},{"note":1,"octave":5},{"note":3,"octave":5},{"note":1,"octave":5},{"note":1,"octave":5},{"note":1,"octave":5},{"note":1,"octave":5},{"note":3,"octave":5},{"note":1,"octave":5},{"note":1,"octave":5},{"note":1,"octave":5},{"note":1,