{"songId":"TheDeepBlue","beatNoteIndexes":[6,6,5,3,2,1,2,1,3,2,6,6,5,3,2,1,3,5,3,6,7,6,5,3,6,6,5,3,2,1,2,1,3,2,6,6,5,3,2,1,3,5,3,6,7,6,5,3,10,8,7,6,5,6,11,9,13,12,10,6,6,5,3,2,1,2,1,3,2,6,6,5,3,2,1,3,5,3,6,7,6,5,3,6,6,5,3,2,1,2,1,3,2,6,6,5,3,2,1,3,5,3,6,7,6,5,3,11,10,11,10,11,10,11,10,11,8,9,8,9,8,7,14,12,13,14,13,14,13,14,13,14,13,10,9,7,6,6,6,5,3,4,4,3,5,6,6,8,7,6,6,3,5,6,6,5,3,2,1,2,1,3,2,1,3,2,1,0,6,6,5,3,2,1,3,5,3,6,7,6,5,3,2,1,0,6,6,5,3,2,1,2,1,3,2,1,3,2,1,0,6,6,5,3,2,1,3,5,3,6,7,6,5,3,2,1,0,6,6,5,3,2,1,2,1,3,2,1,3,2,1,0,6,6,5,3,2,1,3,5,3,6,7,6,5,3,2,1,0,11,10,11,10,11,10,11,10,11,9,8,9,8,9,7,14,12,13,14,13,14,13,14,13,14,13,10,8,7,6],"beatTimeStamps":[8.355615502223373,9.138460302026943,9.397018501069397,9.65840110112913,9.91860079858452,10.18044879892841,10.442332199541852,11.225586398737505,12.006520098773763,12.529687700094656,16.702305598650129,17.48707579798065,17.746245096903296,18.005858096992598,18.269365398213269,18.52742519788444,18.78843219880946,19.57072839862667,20.356591497780756,20.8753331953194,21.138082194142045,21.39759059390053,21.6608738952782,21.919882595771925,25.052332401042805,25.83497059880756,26.095224797725679,26.35429169656709,26.616676095873119,26.87556899501942,27.13635699520819,27.92081429529935,28.702263994840906,29.226055095437915,33.3983896963764,34.18032599450089,34.442525095073509,34.70427429419942,34.96465019439347,35.223960895091298,35.48388639418408,36.2691915971227,37.05834749597125,37.57108209677972,37.833136898232627,38.09249049634673,38.354794894345108,38.61587189277634,41.747716289246458,44.87929078633897,45.39925098675303,45.92012848635204,49.57470969064161,49.832265889504927,50.09378798957914,51.13612749124877,52.181007388280708,53.22616658778861,54.26925828889944,58.44246318703517,59.22670328756794,59.486597787588838,59.747945288196209,60.00684198946692,60.26697608898394,60.52998908911832,61.3128555896692,62.0953042905312,62.61774779041298,66.78894569724798,67.57115799607709,67.83378389663995,68.09706269716844,68.35614729602821,68.61680899746716,68.87766809668392,69.65940799633973,70.4421442982275,70.9621459969785,71.22406769613736,71.48491979390383,71.74555929331109,72.00856109382585,75.13738729176112,75.92034969199449,76.18129409174435,76.44695929111913,76.7030043900013,76.96279588970356,77.22650449024514,78.0087681892328,78.79164128773846,79.31122268736363,83.48427048348822,84.27070958400145,84.52874908479862,84.7900770844426,85.05233288253658,85.3162607816048,85.57799048302695,86.35519378166646,87.13796388031915,87.65802787826397,87.92230377695523,88.18215907621198,88.44256617687643,88.70350457774475,91.83345648273826,92.61814438272268,93.39989508222789,94.18239328241907,94.44182538380847,94.70744508551434,95.2265329870861,95.4864239890594,95.74818478990346,96.0059099898208,96.79084959044121,97.05120709142648,97.83535659103655,98.09359369054437,98.61471289023757,99.13641618937254,99.65951199177653,100.18243059329689,100.96231569512747,101.74770379648544,102.52858799742535,102.79190889955498,103.05200639995747,103.57138600037433,103.83193130022846,104.09550560032949,104.35596520034597,105.40080699860119,105.92142989463173,106.44337699422613,108.53243768913672,109.31221658992581,111.66163798724301,112.18164488766343,112.70352578652092,113.48408288229257,115.83476628665813,116.35351728950627,116.87670038966462,117.65822138730437,120.00654408778064,120.53036268870346,121.05200468678959,121.83413908816874,124.18273438629694,124.70466408529319,125.22518458543346,126.00641918508336,126.26641098572873,126.5282542842906,126.79046058515087,127.04904398485087,127.31141518428922,128.0938992849551,128.87784948409536,129.40184548473918,130.1822682870552,130.96465378650465,131.4840160845779,132.2669421848841,133.0539550858084,133.57116098585539,134.35328618390487,134.61428668373265,134.87889688415454,135.13817368424498,135.4005794848781,135.6594437849708,136.44119528285229,137.22603128291667,137.74505208129995,138.0056161810644,138.26922828005628,138.52976898057387,138.7884534825571,139.83246988174506,140.61733058211395,141.40352608263494,141.919871682534,142.70953068323434,142.96483628288844,143.22871968406253,143.48719218582847,143.74509618524463,144.0070950863883,144.78859208663926,145.57123568630778,146.09582278714516,146.87517298664899,147.66047738562339,148.18204538384453,148.96477688127198,149.74744838057087,150.26801847992466,151.04928628075869,151.31114668096417,151.5732485805638,151.8318547809031,152.09394508041442,152.35493977880106,153.1376931804698,153.91867977939547,154.44291467755103,154.7041705767624,154.96938497619704,155.22424507630059,155.48588027642109,156.52891648071819,157.31105707981625,158.09400697867387,158.61575768096373,159.40063737961465,159.66086978069508,159.92089568264783,160.18076968216338,160.4418319815304,160.7023486830294,161.4849775834009,162.26935358345509,162.78992628259585,163.57076198188589,164.35471178032459,164.87846987950617,165.65923698083499,166.44256657990628,166.9656241829507,167.75044398126193,168.00796688278207,168.2676288818475,168.52726338151843,168.79112348263153,169.0493832838256,169.8341477867216,170.6145375869237,171.13805738603697,171.39697978273035,171.65813058335335,171.92081838380546,172.1827227838803,173.22428618487903,174.0057986844331,174.78863118449227,175.31067908392289,176.0931541826576,176.87694898084738,177.66068818303757,177.92223968589679,178.17947838664987,178.7033393853344,178.9632897840347,179.22575538232923,179.4859427807387,180.26688017882408,180.53062227927149,181.31113667739556,181.5745274773799,182.09462127648295,182.61567017668859,183.13913777587005,183.65931347641163,184.45147037506104,185.22592467721553,186.00568427564577,186.27662877598778,186.52958787535318,187.04961197497324,187.31325577571989,187.57122757541948,187.83495417516679,188.8775829744991,189.39963777409867,189.92065817373806],"notes":[{"note":12,"octave":6},{"note":12,"octave":6},{"note":10,"octave":6},{"note":8,"octave":6},{"note":5,"octave":6},{"note":3,"octave":6},{"note":5,"octave":6},{"note":3,"octave":6},{"note":8,"octave":6},{"note":5,"octave":6},{"note":12,"octave":6},{"note":12,"octave":6},{"note":10,"octave":6},{"note":8,"octave":6},{"note":5,"octave":6},{"note":3,"octave":6},{"note":8,"octave":6},{"note":10,"octave":6},{"note":8,"octave":6},{"note":12,"octave":6},{"note":1,"octave":7},{"note":12,"octave":6},{"note":10,"octave":6},{"note":8,"octave":6},{"note":12,"octave":6},{"note":12,"octave":6},{"note":10,"octave":6},{"note":8,"octave":6},{"note":5,"octave":6},{"note":3,"octave":6},{"note":5,"octave":6},{"note":3,"octave":6},{"note":8,"octave":6},{"note":5,"octave":6},{"note":12,"octave":6},{"note":12,"octave":6},{"note":10,"octave":6},{"note":8,"octave":6},{"note":5,"octave":6},{"note":3,"octave":6},{"note":8,"octave":6},{"note":10,"octave":6},{"note":8,"octave":6},{"note":12,"octave":6},{"note":1,"octave":7},{"note":12,"octave":6},{"note":10,"octave":6},{"note":8,"octave":6},{"note":5,"octave":7},{"note":3,"octave":7},{"note":1,"octave":7},{"note":12,"octave":6},{"note":10,"octave":6},{"note":12,"octave":6},{"note":5,"octave":7},{"note":3,"octave":7},{"note":8,"octave":7},{"note":6,"octave":7},{"note":5,"octave":7},{"note":12,"octave":6},{"note":12,"octave":6},{"note":10,"octave":6},{"note":8,"octave":6},{"note":5,"octave":6},{"note":3,"octave":6},{"note":5,"octave":6},{"note":3,"octave":6},{"note":8,"octave":6},{"note":5,"octave":6},{"note":12,"octave":6},{"note":12,"octave":6},{"note":10,"octave":6},{"note":8,"octave":6},{"note":5,"octave":6},{"note":3,"octave":6},{"note":8,"octave":6},{"note":10,"octave":6},{"note":8,"octave":6},{"note":12,"octave":6},{"note":1,"octave":7},{"note":12,"octave":6},{"note":10,"octave":6},{"note":8,"octave":6},{"note":12,"octave":6},{"note":12,"octave":6},{"note":10,"octave":6},{"note":8,"octave":6},{"note":5,"octave":6},{"note":3,"octave":6},{"note":5,"octave":6},{"note":3,"octave":6},{"note":8,"octave":6},{"note":5,"octave":6},{"note":12,"octave":6},{"note":12,"octave":6},{"note":10,"octave":6},{"note":8,