{"songId":"TheDeepBlue","beatNoteIndexes":[6,6,5,3,2,1,2,1,3,2,6,6,5,3,2,1,3,5,3,6,7,6,5,3,6,6,5,3,2,1,2,1,3,2,6,6,5,3,2,1,3,5,3,6,7,6,5,3,9,8,7,6,5,6,9,8,11,10,9,6,6,5,3,2,1,2,1,3,2,6,6,5,3,2,1,3,5,3,6,7,6,5,3,6,6,5,3,2,1,2,1,3,2,6,6,5,3,2,1,3,5,3,6,7,6,5,3,9,9,9,9,9,9,9,9,9,8,8,8,8,8,7,11,10,11,11,11,11,11,11,11,11,11,9,8,7,6,6,6,5,3,4,4,3,5,6,6,8,7,6,6,3,5,6,6,5,3,2,1,2,1,3,2,1,3,2,1,0,6,6,5,3,2,1,3,5,3,6,7,6,5,3,2,1,0,6,6,5,3,2,1,2,1,3,2,1,3,2,1,0,6,6,5,3,2,1,3,5,3,6,7,6,5,3,2,1,0,6,6,5,3,2,1,2,1,3,2,1,3,2,1,0,6,6,5,3,2,1,3,5,3,6,7,6,5,3,2,1,0,9,9,9,9,9,9,9,9,9,8,8,8,8,8,7,11,10,11,11,11,11,11,11,11,11,11,9,8,7,6],"beatTimeStamps":[8.354732658714056,9.137764156330377,9.398374554235489,9.65899175265804,9.919601949863136,10.179989049211145,10.44059914816171,11.222924444824458,12.01035803835839,12.528124936390669,16.701570708770306,17.487687204498799,17.747924502938987,18.006710602901877,18.270621702075006,18.53188080014661,18.78976179752499,19.573877893853934,20.354241789784284,20.880271489731969,21.13606418808922,21.40058188745752,21.65924568613991,21.924563084729017,25.05294436495751,25.83270846074447,26.097840059548618,26.357022158801557,26.615808758419008,26.880165657028557,27.139689457137139,27.924176554195584,28.70553555106744,29.22586494870484,33.398004826158288,34.17951282020658,34.44606471853331,34.70545941730961,34.964735115878287,35.22436081431806,35.484043213073167,36.27068630885333,37.0523668047972,37.572006901260468,37.83190399967134,38.09508729772642,38.354904297273609,38.620183494873348,41.74857807531953,44.8808180638589,45.39692086353898,45.92339906003326,49.57312963716686,49.83354303659871,50.09392883442342,51.13644242845476,52.18511302256957,53.227643615566197,54.26974790869281,58.44356588134542,59.2269754759036,59.48765217512846,59.748170474078509,60.00896297208965,60.269248969852927,60.52818947099149,61.31208226736635,62.098225962836298,62.61499855853617,66.78820663364604,67.57648333208636,67.83160273032263,68.0978952315636,68.3539839303121,68.61445392854512,68.87912982702255,69.6635088226758,70.44626102037728,70.96853181673214,71.22474741563201,71.48726521525532,71.7484808145091,72.00551661429927,75.14117030752823,75.9228942040354,76.1826986046508,76.44031770480797,76.70562150422484,76.96621400443837,77.22554430412129,78.0102527057752,78.79268110403791,79.31201350130141,83.48840927844867,84.26921017933637,84.52922667795792,84.79161567706615,85.05026777740568,85.31473217578605,85.57176057435572,86.35915607213974,87.13964566774667,87.66000826470554,87.92316176416353,88.18125546304509,88.44421466114,88.70150716044009,91.83625254267827,92.61534644057974,93.40133913978934,94.18250913452357,94.44150163326413,94.7027409337461,95.22582363057882,95.48915422987193,95.74725982965902,96.0093736294657,96.78864302579314,97.04909892426804,97.83598192268983,98.09705492248759,98.61639701807872,99.1413080166094,99.65964261488989,100.18395041348413,100.96466631116346,101.74724850710482,102.53314800467342,102.79310970380902,103.05251080356539,103.57493080338463,103.83439130149782,104.09602130018175,104.35565430019051,105.40072069503367,105.9213818940334,106.44040598906577,108.52981197787449,109.31007477454841,111.66117396904156,112.18081056885421,112.70205046748743,113.48654766520485,115.832543855533,116.35713135125116,116.88033745065332,117.66237564804033,120.00828904239461,120.52999384189025,121.05193044152111,121.83755003707484,124.18163482425735,124.70211822260171,125.22525161970407,126.00998501572758,126.27011151704937,126.53151501575485,126.7913053133525,127.05304661206901,127.31249651126564,128.09833340533079,128.8801785041578,129.39823690336199,130.1824644994922,130.96462809713558,131.48775509465487,132.26901389146225,133.05475558619947,133.5709586874582,134.35718938382343,134.61631438415498,134.87933418294416,135.14069458143787,135.40130258025602,135.66123317880557,136.44024937273935,137.2284597689286,137.75033226702363,138.00677046645434,138.26715226424859,138.52774516213686,138.78822346031667,139.8374084541574,140.6187433488667,141.3982154438272,141.9231462427415,142.7045218409039,142.96214253874497,143.2249004370533,143.48418443696574,143.7491874359548,144.0066990358755,144.78865623334424,145.57472892990337,146.09764552814887,146.8796513248235,147.65896572126077,148.18222541827709,148.9637389141135,149.75042181136088,150.26701670791955,151.05416690418498,151.3108421037905,151.57573420228438,151.83300740178675,152.09261930035428,152.35686419904233,153.13952649617569,153.92002529185266,154.44243828905747,154.70562238711865,154.965196385514,155.22315308544786,155.48878138372676,156.53251467878,157.3149969750084,158.09688326902688,158.61640846636147,159.39792706165464,159.66090655932204,159.91992595838384,160.181658457499,160.44390485575424,160.7030130540952,161.48486144887284,162.26649594446645,162.79264664044605,163.57565893791617,164.35730213252828,164.87865983182565,165.66043302975596,166.44199432712049,166.96322282403708,167.7462857188657,168.00729691935704,168.27219541743399,168.5318354172632,168.7909603160806,169.05450931517408,169.83586401026697,170.6189058064483,171.13987090392039,171.40189220337198,171.66184980096296,171.92073440132664,172.1819333997555,173.23847299721093,174.0275796977803,174.81034739967437,175.33441299479456,176.09537120070309,176.8769645942375,177.65777689497919,177.92317649628968,178.2203706940636,178.71457209344954,178.976855895482,179.24144479911775,179.4863582989201,180.27399489935488,180.52874109800906,181.31180399563164,181.5790404966101,182.10062929149718,182.61886359658093,183.1411422966048,183.66182570066304,184.46854451205582,185.2400563051924,186.0134392036125,186.2823952017352,186.53672419767828,187.0636830991134,187.3198179928586,187.60293079447,187.86811419855804,188.8840795001015,189.40986739378423,189.94528928678484],"notes":[{"note":12,"octave":6},{"note":12,"octave":6},{"note":10,"octave":6},{"note":8,"octave":6},{"note":5,"octave":6},{"note":3,"octave":6},{"note":5,"octave":6},{"note":3,"octave":6},{"note":8,"octave":6},{"note":5,"octave":6},{"note":12,"octave":6},{"note":12,"octave":6},{"note":10,"octave":6},{"note":8,"octave":6},{"note":5,"octave":6},{"note":3,"octave":6},{"note":8,"octave":6},{"note":10,"octave":6},{"note":8,"octave":6},{"note":12,"octave":6},{"note":1,"octave":7},{"note":12,"octave":6},{"note":10,"octave":6},{"note":8,"octave":6},{"note":12,"octave":6},{"note":12,"octave":6},{"note":10,"octave":6},{"note":8,"octave":6},{"note":5,"octave":6},{"note":3,"octave":6},{"note":5,"octave":6},{"note":3,"octave":6},{"note":8,"octave":6},{"note":5,"octave":6},{"note":12,"octave":6},{"note":12,"octave":6},{"note":10,"octave":6},{"note":8,"octave":6},{"note":5,"octave":6},{"note":3,"octave":6},{"note":8,"octave":6},{"note":10,"octave":6},{"note":8,"octave":6},{"note":12,"octave":6},{"note":1,"octave":7},{"note":12,"octave":6},{"note":10,"octave":6},{"note":8,"octave":6},{"note":5,"octave":7},{"note":3,"octave":7},{"note":1,"octave":7},{"note":12,"octave":6},{"note":10,"octave":6},{"note":12,"octave":6},{"note":5,"octave":7},{"note":3,"octave":7},{"note":8,"octave":7},{"note":6,"octave":7},{"note":5,"octave":7},{"note":12,"octave":6},{"note":12,"octave":6},{"note":10,"octave":6},{"note":8,"octave":6},{"note":5,"octave":6},{"note":3,"octave":6},{"note":5,"octave":6},{"note":3,"octave":6},{"note":8,"octave":6},{"note":5,"octave":6},{"note":12,"octave":6},{"note":12,"octave":6},{"note":10,"octave":6},{"note":8,"octave":6},{"note":5,"octave":6},{"note":3,"octave":6},{"note":8,"octave":6},{"note":10,"octave":6},{"note":8,"octave":6},{"note":12,"octave":6},{"note":1,"octave":7},{"note":12,"octave":6},{"note":10,"octave":6},{"note":8,"octave":6},{"note":12,"octave":6},{"note":12,"octave":6},{"note":10,"octave":6},{"note":8,"octave":6},{"note":5,"octave":6},{"note":3,"octave":6},{"note":5,"octave":6},{"note":3,"octave":6},{"note":8,"octave":6},{"note":5,"octave":6},{"note":12,"octave":6},{"note":12,"octave":6},{"note":10,"octave":6},{"note":8,"octave":6},{"note":5,"octave":6},{"note":3,