{"songId":"TropicalMorning","beatNoteIndexes":[2,6,5,4,2,3,3,4,5,4,3,2,3,4,3,4,3,4,6,5,4,2,6,5,4,2,3,3,4,5,4,3,2,0,1,2,0,0,1,2,6,5,2,6,5,4,2,3,3,4,5,4,3,2,3,4,3,4,3,4,6,5,4,2,6,5,4,2,3,3,4,5,4,3,2,0,1,2,0,0,1,3,5,6,6,6,6,6,3,4,4,4,4,4,2,3,5,4,2,0,3,4,6,4,2,3,5,4,2,0,0,3,6,6,6,6,6,3,4,4,4,4,4,5,6,6,4,2,0,3,4,6,4,2,3,5,4,2,0,1,1,3,6,2,6,5,4,2,3,3,4,5,4,3,2,3,4,3,4,3,4,6,5,4,2,6,5,4,2,3,3,4,5,4,3,2,0,1,2,0,0,1,2,6,5,2,6,5,4,2,3,3,4,5,4,3,2,3,4,3,4,3,4,6,5,4,2,6,5,4,2,3,3,4,5,4,3,2,0,1,2,0,0,1,3,5,2,2,3,3,1,1,4,4,2,2,3,3,1,1,4,4,2,2,2,3,3,3,1,1,1,4,4,4,2,2,2,3,3,3,1,1,1,4,4,4,2,6,5,4,2,3,3,4,5,4,3,2,3,4,3,4,3,4,6,5,4,2,6,5,4,2,3,3,4,5,4,3,2,0,1,2,0,0,1,2,6,5,2,6,5,4,2,3,3,4,5,4,3,2,3,4,3,4,3,4,6,5,4,2,6,5,4,2,3,3,4,5,4,3,2,0,1,2,0,0,1,3,5],"beatTimeStamps":[18.00663746614009,18.382193364668639,18.75795706221834,18.945839060470463,19.133720860350878,19.321602658368648,19.69728755624965,19.879529255907984,20.068928454536946,20.259711454156787,20.44421035423875,20.630391653161497,21.00967005174607,21.5682364506647,21.759574950207026,22.32159154675901,22.50932624610141,23.067218843847514,23.257773243356497,23.6349537409842,23.817006540950389,24.005675040651114,24.380182538181545,24.757863034959884,24.946072635240854,25.129422636236997,25.321320636197926,25.694266735110433,25.881218935828657,26.06911313533783,26.258561735972763,26.44380073621869,26.629964735358955,27.00440683355555,27.197030132636429,27.5673194299452,27.75526892952621,28.506063227541746,28.696802226360889,29.069098823703827,29.258886724244804,29.638592523057015,30.00829052273184,30.381970222108067,30.75553182233125,30.942802222445608,31.129494221881033,31.318765822332354,31.694107820279898,31.880909021012486,32.07179132150486,32.25993732037023,32.444570819847289,32.629798418376598,33.005650917533788,33.5678149163723,33.754874215461317,34.3208656120114,34.50902001187205,35.06951310671866,35.256187706720087,35.63316540559754,35.81982590490952,36.00481390627101,36.379871604498479,36.7575403037481,36.945645003113899,37.130857003387067,37.31931010261178,37.69667259929702,37.88310479745269,38.06740549625829,38.25652419636026,38.445241696201268,38.631467695347968,39.00908479467034,39.193228393327448,39.56768239336088,39.75430179480463,40.50661139236763,40.8824502909556,41.25980209000409,41.63402988901362,42.00925918947905,42.19215318933129,42.7547180862166,42.94151308760047,43.50940518686548,44.254069881979379,45.00971447862685,45.19788617826998,45.75692587578669,45.9447801746428,46.50819457275793,47.2578714704141,47.633544467855248,48.005264666862789,48.19301376584917,48.56870256410912,49.13279665959999,49.32180495886132,49.6924734567292,50.071150654926899,50.44149335287511,50.62976795155555,50.81765545159578,51.005683752242479,51.194582951720807,51.57031715102494,52.131271448452029,52.50544594693929,53.25400434341282,54.0055454429239,54.19570834282786,54.75707524130121,54.94464974105358,55.50584773905575,56.259876338765028,57.008713433053348,57.19250713195652,57.75653132935986,57.947069028858098,58.50790782645345,59.25969082210213,59.632657022215429,60.00478251976892,60.19333921931684,60.56813211878762,61.134316918905827,61.32003331882879,61.69567631697282,62.070383314974609,62.4437216152437,62.63406151486561,62.81850491417572,63.00469571398571,63.192650612443689,63.570914110634479,64.13453900907189,64.50676610786468,64.88232900714502,65.25978270499036,65.63357420405373,66.00527700269595,66.38058300223202,66.75965290004388,66.94276379933581,67.13251389749348,67.31721379607916,67.6951678940095,67.88374869292602,68.07196749234572,68.25942559260875,68.4447931908071,68.62953349063173,69.00464138993994,69.56890888838098,69.756638887804,70.31854148767889,70.50510278716684,71.06723898556084,71.25900558568537,71.62911008531228,71.82074718503282,72.00598128372804,72.3848239807412,72.75471757818014,72.94594507897273,73.13168327743188,73.31722917594016,73.6953158727847,73.8796872724779,74.07147647021339,74.25635586958379,74.44214336946607,74.63410186953843,75.00409726705402,75.19601576728747,75.57155836792663,75.75406486727298,76.50820686528459,76.69538316503167,77.06647816393525,77.25470656249672,77.63137876288966,78.0042238603346,78.38145526032895,78.7539060600102,78.94733065972105,79.12959265848622,79.32015495887026,79.69189355755225,79.87978625716642,80.06735595641658,80.25522725563497,80.44244825514034,80.62980535486713,81.00524385320023,81.5678686532192,81.75511405291036,82.3192187496461,82.50713854841888,83.07214264711365,83.25736444676295,83.63479004520923,83.81893074372784,84.00693494314328,84.38461284013465,84.75584293762222,84.94508853647858,85.13307633530349,85.3211897360161,85.69708303688094,85.88108573621139,86.07090353500098,86.2571525350213,86.44432913511992,86.63477693405003,87.00472373468802,87.1939319348894,87.56729373568669,87.7566259354353,88.50853413436562,88.88203943474218,89.25947923352942,89.634231032338,90.00468283193186,90.19479473261163,91.50587903195992,91.6949510294944,93.00968902604655,93.19645392661914,94.50544462585822,94.69634222518653,96.00576671864838,96.19720111833886,97.50418641371653,97.69456711271778,99.00961391115561,99.19416721118614,100.50725040817633,100.69325380818919,102.00839620409534,102.21272040531039,103.13095530262217,103.50924890115857,103.69302879972384,104.63410779600963,105.00995109509677,105.19561649486423,106.13091139076278,106.50403008842841,106.69465228868649,107.63278338685632,108.00601318664849,108.1947355857119,109.13147878320888,109.50645838212222,109.69187718164176,110.6347613800317,111.00920647801832,111.19249037653208,112.1328237708658,112.5054265698418,112.7008883706294,113.62933916738257,114.00935986638069,114.38332036556676,114.75728726340458,114.94651286443696,115.1303398637101,115.31996546220035,115.69597486127168,115.88789036124945,116.06731426017359,116.2576764584519,116.44465595809743,116.63093775697053,117.0092675560154,117.57090355502442,117.7552555538714,118.31769545329735,118.50875985296443,119.06998385023326,119.25794064858929,119.63161514606327,119.82162464549765,120.00695444550365,120.3849489428103,120.75958604319021,120.94402834353969,121.12892294488847,121.3207590430975,121.69549424247816,121.88066324125976,122.07227704208344,122.25767744192854,122.44544464163482,122.6337553402409,123.00800923863426,123.19955043727532,123.56665403675288,123.75459133693949,124.50655973423273,124.69306033430621,125.07307593431324,125.25777323450893,125.63298003561795,126.00837123487145,126.38349003205076,126.7579951309599,126.94694693014026,127.13306113006547,127.31912022875622,127.69273562822491,127.88329452741891,128.0693735270761,128.2551937252283,128.44688282394783,128.63327332399786,129.0091697247699,129.57161322282628,129.7546384218149,130.31829252140597,130.50584242120386,131.06653281999753,131.2585595184937,131.6308461180888,131.81975121842698,132.00680831773208,132.38304191781209,132.75434791576118,132.94321991549806,133.13068651547656,133.3195124156773,133.6973541160114,133.88428701646627,134.0719518167898,134.25778611609713,134.44373471662403,134.6335038174875,135.00658421730624,135.19564731558786,135.56905231438578,135.7590485145338,136.50728151388467,136.8815989117138,137.25641090981663,137.63097440823914],"notes":[{"note":6,"octave":5},{"note":1,"octave":6},{"note":11,"octave":5},{"note":10,"octave":5},{"note":6,"octave":5},{"note":8,"octave":5},{"note":8,"octave":5},{"note":10,"octave":5},{"note":11,"octave":5},{"note":10,"octave":5},{"note":8,"octave":5},{"note":6,"octave":5},{"note":8,"octave":5},{"note":10,"octave":5},{"note":8,"octave":5},{"note":10,"octave":5},{"note":8,"octave":5},{"note":10,"octave":5},{"note":1,"octave":6},{"note":11,"octave":5},{"note":10,"octave":5},{"note":6,"octave":5},{"note":1,"octave":6},{"note":11,"octave":5},{"note":10,"octave":5},{"note":6,"octave":5},{"note":8,"octave":5},{"note":8,"octave":5},{"note":10,"octave":5},{"note":11,"octave":5},{"note":10,"octave":5},{"note":8,"octave":5},{"note":6,"octave":5},{"note":3,"octave":5},{"note":5,"octave":5},{"note":6,"octave":5},{"note":3,