{"songId":"TropicalMorning","beatNoteIndexes":[2,9,7,6,3,4,5,6,8,6,4,2,5,6,4,6,5,6,9,7,6,3,9,8,6,2,4,5,6,7,6,4,3,0,1,2,0,0,1,3,9,8,2,9,7,6,3,5,4,6,8,6,5,2,4,6,5,6,4,6,9,7,6,3,9,8,6,2,5,4,6,7,6,5,3,0,1,2,0,0,1,4,8,9,9,9,9,9,5,6,6,6,6,6,3,4,7,6,2,0,5,6,9,6,3,4,8,6,2,0,10,5,9,9,9,9,9,4,6,6,6,6,6,7,9,9,6,3,0,5,6,9,6,2,4,8,6,3,0,10,1,5,9,2,9,7,6,3,4,5,6,8,6,4,2,5,6,4,6,5,6,9,7,6,3,9,8,6,2,4,5,6,7,6,4,3,0,1,2,0,0,1,3,9,8,2,9,7,6,3,5,4,6,8,6,5,2,4,6,5,6,4,6,9,7,6,3,9,8,6,2,5,4,6,7,6,5,3,0,1,2,0,0,1,4,8,3,2,5,4,1,1,6,6,3,2,5,4,1,1,6,6,3,2,3,5,4,5,1,1,1,6,6,6,2,3,2,4,5,4,1,1,1,6,6,6,3,9,7,6,2,5,4,6,8,6,5,3,4,6,5,6,4,6,9,7,6,2,9,8,6,3,5,4,6,7,6,5,2,0,1,3,0,0,1,2,9,8,3,9,7,6,2,4,5,6,8,6,4,3,5,6,4,6,5,6,9,7,6,2,9,8,6,3,4,5,6,7,6,4,2,0,1,3,0,0,1,5,8],"beatTimeStamps":[18.004729006206618,18.379485706915149,18.753919706563467,18.942299106507563,19.129367606365123,19.317212506197394,19.692582207499073,19.87917790794745,20.067402609274724,20.25414440932218,20.441752709448339,20.629715409246275,21.004456608905458,21.567732310155408,21.754331510164776,22.318249210366049,22.50535901042167,23.06725000985898,23.255456409882755,23.629800610942767,23.816527310293169,24.004227509954946,24.379732509609313,24.75391800829675,24.942859008093366,25.130269607761876,25.31721620785538,25.69150630827062,25.87937000778038,26.067292208084838,26.2542714078445,26.44154460786376,26.631698607932777,27.0045214088168,27.191692908643746,27.566722708870658,27.75493460870348,28.505061109550299,28.69200980954338,29.067092509940268,29.2546144091757,29.629141308018008,30.003951907507145,30.37906000763178,30.75559260766022,30.941741107730196,31.12951670831535,31.317069908836858,31.69200350914616,31.87941350915935,32.06728760886472,32.254986408748667,32.441419509239498,32.62913360935636,33.00513080973178,33.566906909807588,33.75456360937096,34.31778270914219,34.50464750942774,35.06672160956077,35.25430390902329,35.629840209614489,35.8174846105976,36.004911711323078,36.37918601126876,36.754086711327548,36.941833311342637,37.129618611652407,37.31752481102012,37.691890909918587,37.87945361004677,38.067284510238099,38.25420381035656,38.44201910973061,38.628997209714729,39.0041727097705,39.191688109887767,39.56738611019682,39.75437190965749,40.50459840986878,40.88008301076479,41.25394671084359,41.62944441114087,42.00526871252805,42.19272051251028,42.75391551293433,42.94235401216429,43.504983712919059,44.25523581367452,45.004004313843328,45.19305981253274,45.75451861252077,45.94193621247541,46.50533201219514,47.25515481142793,47.62920281197876,48.00513691152446,48.192496911855418,48.56769801035989,49.12904720986262,49.31709681020584,49.691755010630007,50.06735281122383,50.442277311347428,50.62911511177663,50.8168011107482,51.00453251088038,51.19196181057487,51.56723011052236,52.12977340945508,52.504023809102367,53.25471830833703,54.004384609055708,54.192003808682787,54.75456620939076,54.94253110908903,55.504067309433597,56.255589909269477,57.00508150807582,57.19223280798178,57.75475340685807,57.94146620761603,58.50432380777784,59.25497460796032,59.62909690802917,60.004664407810199,60.19233270781115,60.56790850800462,61.12938510754611,61.316848007030788,61.69237530755345,62.06722730665933,62.441553907236087,62.628913407213989,62.81724970624782,63.00414910609834,63.19252620567568,63.56683340598829,64.12930800579488,64.50448600540403,64.87917890457902,65.2542460039258,65.63088310393505,66.00420050299727,66.38018030335661,66.75493670324795,66.94158670306206,67.12956680264324,67.31768900330644,67.69212420191616,67.87965610227548,68.06669680192135,68.25516320182942,68.44147050159518,68.63049150211737,69.00455890316516,69.5667156035779,69.75519900303334,70.31735360284802,70.50444550265093,71.06652980309446,71.25546720228158,71.62994230212644,71.81646920193453,72.01007940177806,72.37953530228697,72.75421270239167,72.9414585022023,73.12934390292503,73.31780360429548,73.69148090353701,73.88022170367185,74.06681630271487,74.25479320297018,74.44147970317863,74.62924310262315,75.00503570248839,75.19182380242273,75.56779130280484,75.75468110246584,76.50459090154618,76.69263860222418,77.06764520262368,77.25487300218083,77.62913140386809,78.00521220394876,78.37990100262687,78.75395190226846,78.94158430269454,79.12949550163467,79.31706190132536,79.69201560178772,79.88014040200506,80.06682490208186,80.25550060230307,80.44158640201204,80.6298659016611,81.00551630207338,81.5664235012373,81.75423810107168,82.31650600011926,82.50488159991801,83.06710529979319,83.25429449963849,83.6299811003264,83.81787510064896,84.00475570023991,84.3789087998448,84.75450009992346,84.94262009917293,85.12920319917612,85.31660539947916,85.69217119959649,85.87967239890713,86.06738909892738,86.25525029946584,86.44262459874153,86.62928219977766,87.00487949931994,87.19248569966294,87.566846999689,87.75445020000916,88.50414520071354,88.87955090054311,89.25403850048315,89.63028959988151,90.00396080035717,90.19164990005084,91.50440149882343,91.6917481989367,93.00458840024658,93.19256240001414,94.50538569956552,94.69204079941847,96.00422889913898,96.19270319852513,97.50510299915914,97.69281429855619,99.00469319906552,99.19175879925024,100.50559599965345,100.6921082995832,102.00438780023251,102.19246760045644,103.12905230198521,103.50408510270063,103.69206600217149,104.6301524026785,105.00540250225459,105.19246260181535,106.1302887017373,106.50521210150328,106.69177990185563,107.62970410147682,108.0049505024217,108.19153120205738,109.12969120242633,109.50491030269768,109.69192270212807,110.62903140170966,111.0040736021474,111.19200040178839,112.13014840066899,112.505439399858,112.69196059950628,113.6290533002466,114.00485260086134,114.37894830142614,114.7539867006708,114.94190770073328,115.12982100096997,115.31732990138699,115.69191440090072,115.88028520124499,116.06789630057756,116.25410470040515,116.4425487004919,116.63117170101032,117.00504050031305,117.56881390174385,117.75471610203386,118.3182238022564,118.5052905009361,119.06800330081023,119.25413460168056,119.62947560136672,119.81837580131833,120.00456480123103,120.38000900030602,120.75468610005919,120.94271130044945,121.13016640057322,121.31703370064497,121.69213780062273,121.88078600063455,122.06703019922134,122.25396729900968,122.44176669954322,122.63065829896368,123.00435139716137,123.19200919743162,123.56704699795228,123.75478699838277,124.50526699738112,124.69278279715218,125.06640409841202,125.25505249842536,125.63034169806633,126.00502979848534,126.37893519958016,126.7541942994576,126.94208029913716,127.12989529920742,127.31757179880515,127.69214889884461,127.87935919873417,128.0668308979366,128.25475769781043,128.4417611977551,128.630199198029,129.00473419751507,129.56649869680406,129.75414939667099,130.31748899712694,130.50413889682387,131.06656349741389,131.25450739846566,131.62970249797218,131.81762139766944,132.00416339724326,132.37961009715219,132.75469639652875,132.94198119745125,133.12967979721726,133.3171460966114,133.6928091965383,133.8790099968901,134.06785729690456,134.25530769617763,134.4420969960047,134.62916299619247,135.0055217962945,135.19172219617759,135.5667964963941,135.75428309629207,136.50417779642158,136.87939619563987,137.255350995576,137.629112994764],"notes":[{"note":6,"octave":5},{"note":1,"octave":6},{"note":11,"octave":5},{"note":10,"octave":5},{"note":6,"octave":5},{"note":8,"octave":5},{"note":8,"octave":5},{"note":10,"octave":5},{"note":11,"octave":5},{"note":10,"octave":5},{"note":8,"octave":5},{"note":6,"octave":5},{"note":8,"octave":5},{"note":10,"octave":5},{"note":8,"octave":5},{"note":10,"octave":5},{"note":8,"octave":5},{"note":10,"octave":5},{"note":1,"octave":6},{"note":11,"octave":5},{"note":10,"octave":5},{"note":6,"octave":5},{"note":1,"octave":6},{"note":11,"octave":5},{"note":10,"octave":5},{"note":6,"octave":5},{"note":8,"octave":5},{"note":8,"octave":5},{"note":10,"octave":5},{"note":11,"octave":5},{"note":10,"octave":5},{"note":8,"octave":5},{"note":6,"octave":5},{"note":3,"octave":5},{"note":5,"octave":5},{"note":6,"octave":5},{"note":3,